2016-07-28 11:15:17,006;0,0;0;124
2016-07-28 11:15:17,033;0,0;0;124
2016-07-28 11:15:17,061;0,0;0;124
2016-07-28 11:15:17,107;0,0;0;124
2016-07-28 11:15:17,134;0,0;0;124
2016-07-28 11:15:17,162;0,0;0;124
2016-07-28 11:15:17,188;0,0;0;124
2016-07-28 11:15:17,220;0,0;0;125
2016-07-28 11:15:17,246;0,0;0;125
2016-07-28 11:15:17,273;0,0;0;125
2016-07-28 11:15:17,299;0,0;0;125
2016-07-28 11:15:17,325;0,0;0;125
2016-07-28 11:15:17,351;0,0;0;125
2016-07-28 11:15:17,377;0,0;0;125
2016-07-28 11:15:17,403;0,0;0;125
2016-07-28 11:15:17,430;0,0;0;125
2016-07-28 11:15:17,456;0,0;0;125
2016-07-28 11:15:17,482;0,0;0;125
2016-07-28 11:15:17,508;0,0;0;125
2016-07-28 11:15:17,534;0,0;0;125
2016-07-28 11:15:17,561;0,0;0;125
2016-07-28 11:15:17,587;0,0;0;125
2016-07-28 11:15:17,613;0,0;0;125
2016-07-28 11:15:17,639;0,0;0;125
2016-07-28 11:15:17,665;0,0;0;125
2016-07-28 11:15:17,692;0,0;0;125
2016-07-28 11:15:17,718;0,0;0;125
2016-07-28 11:15:17,744;0,0;0;125
2016-07-28 11:15:17,771;0,0;0;125
2016-07-28 11:15:17,797;0,0;0;125
2016-07-28 11:15:17,823;0,0;0;125
2016-07-28 11:15:17,849;0,0;0;125
2016-07-28 11:15:17,875;0,0;0;125
2016-07-28 11:15:17,902;0,0;0;125
2016-07-28 11:15:17,928;0,0;0;125
2016-07-28 11:15:17,955;0,0;0;125
2016-07-28 11:15:17,981;0,0;0;125
2016-07-28 11:15:18,007;0,0;0;125
2016-07-28 11:15:18,033;0,0;0;125
2016-07-28 11:15:18,059;0,0;0;125
2016-07-28 11:15:18,086;0,0;0;125
2016-07-28 11:15:18,112;0,0;0;125
2016-07-28 11:15:18,138;0,0;0;125
2016-07-28 11:15:18,164;0,0;0;125
2016-07-28 11:15:18,190;0,0;0;125
2016-07-28 11:15:18,216;0,0;0;125
2016-07-28 11:15:18,243;0,0;0;125
2016-07-28 11:15:18,269;0,0;0;125
2016-07-28 11:15:18,295;0,0;0;125
2016-07-28 11:15:18,321;0,0;0;125
2016-07-28 11:15:18,347;0,0;0;125
2016-07-28 11:15:18,374;0,0;0;125
2016-07-28 11:15:18,400;0,0;0;125
2016-07-28 11:15:18,427;0,0;0;125
2016-07-28 11:15:18,453;0,0;0;125
2016-07-28 11:15:18,479;0,0;0;125
2016-07-28 11:15:18,506;0,0;0;125
2016-07-28 11:15:18,532;0,0;0;125
2016-07-28 11:15:18,558;0,0;0;125
2016-07-28 11:15:18,584;0,0;0;125
2016-07-28 11:15:18,611;0,0;0;125
2016-07-28 11:15:18,637;0,0;0;125
2016-07-28 11:15:18,663;0,0;0;125
2016-07-28 11:15:18,689;0,0;0;125
2016-07-28 11:15:18,715;0,0;0;125
2016-07-28 11:15:18,741;0,0;0;125
2016-07-28 11:15:18,768;0,0;0;125
2016-07-28 11:15:18,794;0,0;0;125
2016-07-28 11:15:18,820;0,0;0;125
2016-07-28 11:15:18,846;0,0;0;125
2016-07-28 11:15:18,872;0,0;0;125
2016-07-28 11:15:18,899;0,0;0;125
2016-07-28 11:15:18,925;0,0;0;125
2016-07-28 11:15:18,952;0,0;0;125
2016-07-28 11:15:18,978;0,0;0;125
2016-07-28 11:15:19,004;0,0;0;125
2016-07-28 11:15:19,031;0,0;0;125
2016-07-28 11:15:19,057;0,0;0;125
2016-07-28 11:15:19,083;0,0;0;125
2016-07-28 11:15:19,109;0,0;0;125
2016-07-28 11:15:19,135;0,0;0;125
2016-07-28 11:15:19,161;0,0;0;125
2016-07-28 11:15:19,187;0,0;0;125
2016-07-28 11:15:19,214;0,0;0;125
2016-07-28 11:15:19,240;0,0;0;125
2016-07-28 11:15:19,266;0,0;0;125
2016-07-28 11:15:19,292;0,0;0;125
2016-07-28 11:15:19,318;0,0;0;125
2016-07-28 11:15:19,345;0,0;0;125
2016-07-28 11:15:19,371;0,0;0;125
2016-07-28 11:15:19,397;0,0;0;125
2016-07-28 11:15:19,424;0,0;0;125
2016-07-28 11:15:19,450;0,0;0;125
2016-07-28 11:15:19,477;0,0;0;125
2016-07-28 11:15:19,503;0,0;0;125
2016-07-28 11:15:19,530;0,0;0;125
2016-07-28 11:15:19,556;0,0;0;125
2016-07-28 11:15:19,583;0,0;0;125
2016-07-28 11:15:19,609;0,0;0;125
2016-07-28 11:15:19,635;0,0;0;125
2016-07-28 11:15:19,662;0,0;0;125
2016-07-28 11:15:19,688;0,0;0;125
2016-07-28 11:15:19,714;0,0;0;125
2016-07-28 11:15:19,741;0,0;0;125
2016-07-28 11:15:19,767;0,0;0;125
2016-07-28 11:15:19,794;0,0;0;125
2016-07-28 11:15:19,820;0,0;0;125
2016-07-28 11:15:19,847;0,0;0;125
2016-07-28 11:15:19,873;0,0;0;125
2016-07-28 11:15:19,899;0,0;0;125
2016-07-28 11:15:19,925;0,0;0;125
2016-07-28 11:15:19,952;0,0;0;125
2016-07-28 11:15:19,978;0,0;0;125
2016-07-28 11:15:20,004;0,0;0;125
2016-07-28 11:15:20,030;0,0;0;125
2016-07-28 11:15:20,056;0,0;0;125
2016-07-28 11:15:20,082;0,0;0;125
2016-07-28 11:15:20,108;0,0;0;125
2016-07-28 11:15:20,135;0,0;0;125
2016-07-28 11:15:20,161;0,0;0;125
2016-07-28 11:15:20,187;0,0;0;125
2016-07-28 11:15:20,213;0,0;0;125
2016-07-28 11:15:20,239;0,0;0;125
2016-07-28 11:15:20,266;0,0;0;125
2016-07-28 11:15:20,292;0,0;0;125
2016-07-28 11:15:20,318;0,0;0;125
2016-07-28 11:15:20,344;0,0;0;125
2016-07-28 11:15:20,371;0,0;0;125
2016-07-28 11:15:20,397;0,0;0;125
2016-07-28 11:15:20,423;0,0;0;125
2016-07-28 11:15:20,449;0,0;0;125
2016-07-28 11:15:20,476;0,0;0;125
2016-07-28 11:15:20,502;0,0;0;125
2016-07-28 11:15:20,528;0,0;0;125
2016-07-28 11:15:20,554;0,0;0;125
2016-07-28 11:15:20,580;0,0;0;125
2016-07-28 11:15:20,607;0,0;0;125
2016-07-28 11:15:20,633;0,0;0;125
2016-07-28 11:15:20,659;0,0;0;125
2016-07-28 11:15:20,685;0,0;0;125
2016-07-28 11:15:20,711;0,0;0;125
2016-07-28 11:15:20,738;0,0;0;125
2016-07-28 11:15:20,764;0,0;0;125
2016-07-28 11:15:20,790;0,0;0;125
2016-07-28 11:15:20,816;0,0;0;125
2016-07-28 11:15:20,842;0,0;0;125
2016-07-28 11:15:20,868;0,0;0;125
2016-07-28 11:15:20,895;0,0;0;125
2016-07-28 11:15:20,921;0,0;0;125
2016-07-28 11:15:20,947;0,0;0;125
2016-07-28 11:15:20,974;0,0;0;125
2016-07-28 11:15:21,000;0,0;0;125
2016-07-28 11:15:21,026;0,0;0;125
2016-07-28 11:15:21,052;0,0;0;125
2016-07-28 11:15:21,078;0,0;0;125
2016-07-28 11:15:21,104;0,0;0;125
2016-07-28 11:15:21,131;0,0;0;125
2016-07-28 11:15:21,157;0,0;0;125
2016-07-28 11:15:21,183;0,0;0;125
2016-07-28 11:15:21,209;0,0;0;125
2016-07-28 11:15:21,235;0,0;0;125
2016-07-28 11:15:21,262;0,0;0;125
2016-07-28 11:15:21,288;0,0;0;125
2016-07-28 11:15:21,314;0,0;0;125
2016-07-28 11:15:21,340;0,0;0;125
2016-07-28 11:15:21,366;0,0;0;125
2016-07-28 11:15:21,392;0,0;0;125
2016-07-28 11:15:21,419;0,0;0;125
2016-07-28 11:15:21,445;0,0;0;125
2016-07-28 11:15:21,471;0,0;0;125
2016-07-28 11:15:21,497;0,0;0;125
2016-07-28 11:15:21,524;0,0;0;125
2016-07-28 11:15:21,550;0,0;0;125
2016-07-28 11:15:21,576;0,0;0;125
2016-07-28 11:15:21,602;0,0;0;125
2016-07-28 11:15:21,629;0,0;0;125
2016-07-28 11:15:21,655;0,0;0;125
2016-07-28 11:15:21,681;0,0;0;125
2016-07-28 11:15:21,708;0,0;0;125
2016-07-28 11:15:21,735;0,0;0;125
2016-07-28 11:15:21,761;0,0;0;125
2016-07-28 11:15:21,788;0,0;0;125
2016-07-28 11:15:21,815;0,0;0;125
2016-07-28 11:15:21,841;0,0;0;125
2016-07-28 11:15:21,868;0,0;0;125
2016-07-28 11:15:21,895;0,0;0;125
2016-07-28 11:15:21,922;0,0;0;125
2016-07-28 11:15:21,948;0,0;0;125
2016-07-28 11:15:21,975;0,0;0;125
2016-07-28 11:15:22,002;0,0;0;125
2016-07-28 11:15:22,029;0,0;0;125
2016-07-28 11:15:22,055;0,0;0;125
2016-07-28 11:15:22,082;0,0;0;125
2016-07-28 11:15:22,109;0,0;0;125
2016-07-28 11:15:22,136;0,0;0;125
2016-07-28 11:15:22,162;0,0;0;125
2016-07-28 11:15:22,189;0,0;0;125
2016-07-28 11:15:22,220;0,0;0;125
2016-07-28 11:15:22,246;0,0;0;125
2016-07-28 11:15:22,273;0,0;0;125
2016-07-28 11:15:22,300;0,0;0;125
2016-07-28 11:15:22,327;0,0;0;125
2016-07-28 11:15:22,353;0,0;0;125
2016-07-28 11:15:22,380;0,0;0;125
2016-07-28 11:15:22,407;0,0;0;125
2016-07-28 11:15:22,433;0,0;0;125
2016-07-28 11:15:22,460;0,0;0;125
2016-07-28 11:15:22,486;0,0;0;125
2016-07-28 11:15:22,513;0,0;0;125
2016-07-28 11:15:22,540;0,0;0;125
2016-07-28 11:15:22,566;0,0;0;125
2016-07-28 11:15:22,593;0,0;0;125
2016-07-28 11:15:22,619;0,0;0;125
2016-07-28 11:15:22,646;0,0;0;125
2016-07-28 11:15:22,672;0,0;0;125
2016-07-28 11:15:22,699;0,0;0;125
2016-07-28 11:15:22,726;0,0;0;125
2016-07-28 11:15:22,753;0,0;0;125
2016-07-28 11:15:22,779;0,0;0;125
2016-07-28 11:15:22,806;0,0;0;125
2016-07-28 11:15:22,832;0,0;0;125
2016-07-28 11:15:22,859;0,0;0;125
2016-07-28 11:15:22,886;0,0;0;125
2016-07-28 11:15:22,912;0,0;0;125
2016-07-28 11:15:22,939;0,0;0;125
2016-07-28 11:15:22,966;0,0;0;125
2016-07-28 11:15:22,992;0,0;0;125
2016-07-28 11:15:23,019;0,0;0;125
2016-07-28 11:15:23,046;0,0;0;125
2016-07-28 11:15:23,072;0,0;0;125
2016-07-28 11:15:23,099;0,0;0;125
2016-07-28 11:15:23,126;0,0;0;125
2016-07-28 11:15:23,152;0,0;0;125
2016-07-28 11:15:23,179;0,0;0;125
2016-07-28 11:15:23,205;0,0;0;125
2016-07-28 11:15:23,232;0,0;0;125
2016-07-28 11:15:23,258;0,0;0;125
2016-07-28 11:15:23,285;0,0;0;125
2016-07-28 11:15:23,312;0,0;0;125
2016-07-28 11:15:23,338;0,0;0;125
2016-07-28 11:15:23,365;0,0;0;125
2016-07-28 11:15:23,392;0,0;0;125
2016-07-28 11:15:23,418;0,0;0;125
2016-07-28 11:15:23,445;0,0;0;125
2016-07-28 11:15:23,472;0,0;0;125
2016-07-28 11:15:23,498;0,0;0;125
2016-07-28 11:15:23,525;0,0;0;125
2016-07-28 11:15:23,552;0,0;0;125
2016-07-28 11:15:23,578;0,0;0;125
2016-07-28 11:15:23,605;0,0;0;125
2016-07-28 11:15:23,632;0,0;0;125
2016-07-28 11:15:23,659;0,0;0;125
2016-07-28 11:15:23,686;0,0;0;125
2016-07-28 11:15:23,712;0,0;0;125
2016-07-28 11:15:23,739;0,0;0;125
2016-07-28 11:15:23,766;0,0;0;125
2016-07-28 11:15:23,792;0,0;0;125
2016-07-28 11:15:23,818;0,0;0;125
2016-07-28 11:15:23,845;0,0;0;125
2016-07-28 11:15:23,872;0,0;0;125
2016-07-28 11:15:23,898;0,0;0;125
2016-07-28 11:15:23,925;0,0;0;125
2016-07-28 11:15:23,952;0,0;0;125
2016-07-28 11:15:23,979;0,0;0;125
2016-07-28 11:15:24,005;0,0;0;125
2016-07-28 11:15:24,032;0,0;0;125
2016-07-28 11:15:24,059;0,0;0;125
2016-07-28 11:15:24,085;0,0;0;125
2016-07-28 11:15:24,112;0,0;0;125
2016-07-28 11:15:24,139;0,0;0;125
2016-07-28 11:15:24,165;0,0;0;125
2016-07-28 11:15:24,192;0,0;0;125
2016-07-28 11:15:24,219;0,0;0;125
2016-07-28 11:15:24,245;0,0;0;125
2016-07-28 11:15:24,272;0,0;0;125
2016-07-28 11:15:24,299;0,0;0;125
2016-07-28 11:15:24,326;0,0;0;125
2016-07-28 11:15:24,352;0,0;0;125
2016-07-28 11:15:24,379;0,0;0;125
2016-07-28 11:15:24,406;0,0;0;125
2016-07-28 11:15:24,432;0,0;0;125
2016-07-28 11:15:24,459;0,0;0;125
2016-07-28 11:15:24,486;0,0;0;125
2016-07-28 11:15:24,512;0,0;0;125
2016-07-28 11:15:24,539;0,0;0;125
2016-07-28 11:15:24,566;0,0;0;125
2016-07-28 11:15:24,592;0,0;0;125
2016-07-28 11:15:24,619;0,0;0;125
2016-07-28 11:15:24,645;0,0;0;125
2016-07-28 11:15:24,672;0,0;0;125
2016-07-28 11:15:24,698;0,0;0;125
2016-07-28 11:15:24,725;0,0;0;125
2016-07-28 11:15:24,752;0,0;0;125
2016-07-28 11:15:24,778;0,0;0;125
2016-07-28 11:15:24,805;0,0;0;125
2016-07-28 11:15:24,831;0,0;0;125
2016-07-28 11:15:24,858;0,0;0;125
2016-07-28 11:15:24,885;0,0;0;125
2016-07-28 11:15:24,911;0,0;0;125
2016-07-28 11:15:24,938;0,0;0;125
2016-07-28 11:15:24,965;0,0;0;125
2016-07-28 11:15:24,991;0,0;0;125
2016-07-28 11:15:25,018;0,0;0;125
2016-07-28 11:15:25,045;0,0;0;125
2016-07-28 11:15:25,071;0,0;0;125
2016-07-28 11:15:25,098;0,0;0;125
2016-07-28 11:15:25,125;0,0;0;125
2016-07-28 11:15:25,152;0,0;0;125
2016-07-28 11:15:25,178;0,0;0;125
2016-07-28 11:15:25,205;0,0;0;125
2016-07-28 11:15:25,231;0,0;0;125
2016-07-28 11:15:25,258;0,0;0;125
2016-07-28 11:15:25,284;0,0;0;125
2016-07-28 11:15:25,311;0,0;0;125
2016-07-28 11:15:25,338;0,0;0;125
2016-07-28 11:15:25,364;0,0;0;125
2016-07-28 11:15:25,391;0,0;0;125
2016-07-28 11:15:25,418;0,0;0;125
2016-07-28 11:15:25,445;0,0;0;125
2016-07-28 11:15:25,471;0,0;0;125
2016-07-28 11:15:25,498;0,0;0;125
2016-07-28 11:15:25,524;0,0;0;125
2016-07-28 11:15:25,551;0,0;0;125
2016-07-28 11:15:25,578;0,0;0;125
2016-07-28 11:15:25,604;0,0;0;125
2016-07-28 11:15:25,631;0,0;0;125
2016-07-28 11:15:25,658;0,0;0;125
2016-07-28 11:15:25,684;0,0;0;125
2016-07-28 11:15:25,711;0,0;0;125
2016-07-28 11:15:25,738;0,0;0;125
2016-07-28 11:15:25,765;0,0;0;125
2016-07-28 11:15:25,791;0,0;0;125
2016-07-28 11:15:25,818;0,0;0;125
2016-07-28 11:15:25,844;0,0;0;125
2016-07-28 11:15:25,871;0,0;0;125
2016-07-28 11:15:25,898;0,0;0;125
2016-07-28 11:15:25,925;0,0;0;125
2016-07-28 11:15:25,952;0,0;0;125
2016-07-28 11:15:25,978;0,0;0;125
2016-07-28 11:15:26,005;0,0;0;125
2016-07-28 11:15:26,032;0,0;0;125
2016-07-28 11:15:26,058;0,0;0;125
2016-07-28 11:15:26,085;0,0;0;125
2016-07-28 11:15:26,111;0,0;0;125
2016-07-28 11:15:26,138;0,0;0;125
2016-07-28 11:15:26,165;0,0;0;125
2016-07-28 11:15:26,191;0,0;0;125
2016-07-28 11:15:26,218;0,0;0;125
2016-07-28 11:15:26,245;0,0;0;125
2016-07-28 11:15:26,272;0,0;0;125
2016-07-28 11:15:26,299;0,0;0;125
2016-07-28 11:15:26,325;0,0;0;125
2016-07-28 11:15:26,352;0,0;0;125
2016-07-28 11:15:26,378;0,0;0;125
2016-07-28 11:15:26,405;0,0;0;125
2016-07-28 11:15:26,432;0,0;0;125
2016-07-28 11:15:26,458;0,0;0;125
2016-07-28 11:15:26,485;0,0;0;125
2016-07-28 11:15:26,512;0,0;0;125
2016-07-28 11:15:26,538;0,0;0;125
2016-07-28 11:15:26,565;0,0;0;125
2016-07-28 11:15:26,592;0,0;0;125
2016-07-28 11:15:26,619;0,0;0;125
2016-07-28 11:15:26,645;0,0;0;125
2016-07-28 11:15:26,672;0,0;0;125
2016-07-28 11:15:26,699;0,0;0;125
2016-07-28 11:15:26,725;0,0;0;125
2016-07-28 11:15:26,752;0,0;0;125
2016-07-28 11:15:26,778;0,0;0;125
2016-07-28 11:15:26,805;0,0;0;125
2016-07-28 11:15:26,832;0,0;0;125
2016-07-28 11:15:26,859;0,0;0;125
2016-07-28 11:15:26,886;0,0;0;125
2016-07-28 11:15:26,912;0,0;0;125
2016-07-28 11:15:26,939;0,0;0;125
2016-07-28 11:15:26,966;0,0;0;125
2016-07-28 11:15:26,992;0,0;0;125
2016-07-28 11:15:27,019;0,0;0;125
2016-07-28 11:15:27,045;0,0;0;125
2016-07-28 11:15:27,072;0,0;0;125
2016-07-28 11:15:27,099;0,0;0;125
2016-07-28 11:15:27,126;0,0;0;125
2016-07-28 11:15:27,153;0,0;0;125
2016-07-28 11:15:27,180;0,0;0;125
2016-07-28 11:15:27,207;0,0;0;125
2016-07-28 11:15:27,237;0,0;0;125
2016-07-28 11:15:27,263;0,0;0;125
2016-07-28 11:15:27,290;0,0;0;125
2016-07-28 11:15:27,316;0,0;0;125
2016-07-28 11:15:27,343;0,0;0;125
2016-07-28 11:15:27,369;0,0;0;125
2016-07-28 11:15:27,396;0,0;0;125
2016-07-28 11:15:27,423;0,0;0;125
2016-07-28 11:15:27,450;0,0;0;125
2016-07-28 11:15:27,477;0,0;0;125
2016-07-28 11:15:27,504;0,0;0;125
2016-07-28 11:15:27,532;0,0;0;125
2016-07-28 11:15:27,558;0,0;0;125
2016-07-28 11:15:27,585;0,0;0;125
2016-07-28 11:15:27,612;0,0;0;125
2016-07-28 11:15:27,638;0,0;0;125
2016-07-28 11:15:27,665;0,0;0;125
2016-07-28 11:15:27,692;0,0;0;125
2016-07-28 11:15:27,719;0,0;0;125
2016-07-28 11:15:27,745;0,0;0;125
2016-07-28 11:15:27,772;0,0;0;125
2016-07-28 11:15:27,799;0,0;0;125
2016-07-28 11:15:27,826;0,0;0;125
2016-07-28 11:15:27,853;0,0;0;125
2016-07-28 11:15:27,880;0,0;0;125
2016-07-28 11:15:27,906;0,0;0;125
2016-07-28 11:15:27,933;0,0;0;125
2016-07-28 11:15:27,960;0,0;0;125
2016-07-28 11:15:27,986;0,0;0;125
2016-07-28 11:15:28,013;0,0;0;125
2016-07-28 11:15:28,039;0,0;0;125
2016-07-28 11:15:28,066;0,0;0;125
2016-07-28 11:15:28,093;0,0;0;125
2016-07-28 11:15:28,120;0,0;0;125
2016-07-28 11:15:28,146;0,0;0;125
2016-07-28 11:15:28,173;0,0;0;125
2016-07-28 11:15:28,200;0,0;0;125
2016-07-28 11:15:28,227;0,0;0;125
2016-07-28 11:15:28,254;0,0;0;125
2016-07-28 11:15:28,281;0,0;0;125
2016-07-28 11:15:28,308;0,0;0;125
2016-07-28 11:15:28,334;0,0;0;125
2016-07-28 11:15:28,361;0,0;0;125
2016-07-28 11:15:28,388;0,0;0;125
2016-07-28 11:15:28,414;0,0;0;125
2016-07-28 11:15:28,441;0,0;0;125
2016-07-28 11:15:28,468;0,0;0;125
2016-07-28 11:15:28,495;0,0;0;125
2016-07-28 11:15:28,522;0,0;0;125
2016-07-28 11:15:28,549;0,0;0;125
2016-07-28 11:15:28,576;0,0;0;125
2016-07-28 11:15:28,602;0,0;0;125
2016-07-28 11:15:28,629;0,0;0;125
2016-07-28 11:15:28,656;0,0;0;125
2016-07-28 11:15:28,682;0,0;0;125
2016-07-28 11:15:28,709;0,0;0;125
2016-07-28 11:15:28,736;0,0;0;125
2016-07-28 11:15:28,762;0,0;0;125
2016-07-28 11:15:28,789;0,0;0;125
2016-07-28 11:15:28,816;0,0;0;125
2016-07-28 11:15:28,842;0,0;0;125
2016-07-28 11:15:28,869;0,0;0;125
2016-07-28 11:15:28,895;0,0;0;125
2016-07-28 11:15:28,923;0,0;0;125
2016-07-28 11:15:28,950;0,0;0;125
2016-07-28 11:15:28,977;0,0;0;125
2016-07-28 11:15:29,004;0,0;0;125
2016-07-28 11:15:29,033;0,0;0;125
2016-07-28 11:15:29,060;0,0;0;125
2016-07-28 11:15:29,087;0,0;0;125
2016-07-28 11:15:29,114;0,0;0;125
2016-07-28 11:15:29,141;0,0;0;125
2016-07-28 11:15:29,168;0,0;0;125
2016-07-28 11:15:29,195;0,0;0;125
2016-07-28 11:15:29,222;0,0;0;125
2016-07-28 11:15:29,249;0,0;0;125
2016-07-28 11:15:29,276;0,0;0;125
2016-07-28 11:15:29,304;0,0;0;125
2016-07-28 11:15:29,331;0,0;0;125
2016-07-28 11:15:29,358;0,0;0;125
2016-07-28 11:15:29,385;0,0;0;125
2016-07-28 11:15:29,412;0,0;0;125
2016-07-28 11:15:29,438;0,0;0;125
2016-07-28 11:15:29,464;0,0;0;125
2016-07-28 11:15:29,490;0,0;0;125
2016-07-28 11:15:29,517;0,0;0;125
2016-07-28 11:15:29,543;0,0;0;125
2016-07-28 11:15:29,569;0,0;0;125
2016-07-28 11:15:29,596;0,0;0;125
2016-07-28 11:15:29,622;0,0;0;125
2016-07-28 11:15:29,649;0,0;0;125
2016-07-28 11:15:29,675;0,0;0;125
2016-07-28 11:15:29,702;0,0;0;125
2016-07-28 11:15:29,728;0,0;0;125
2016-07-28 11:15:29,755;0,0;0;125
2016-07-28 11:15:29,781;0,0;0;125
2016-07-28 11:15:29,807;0,0;0;125
2016-07-28 11:15:29,834;0,0;0;125
2016-07-28 11:15:29,860;0,0;0;125
2016-07-28 11:15:29,886;0,0;0;125
2016-07-28 11:15:29,912;0,0;0;125
2016-07-28 11:15:29,938;0,0;0;125
2016-07-28 11:15:29,965;0,0;0;125
2016-07-28 11:15:29,991;0,0;0;125
2016-07-28 11:15:30,017;0,0;0;125
2016-07-28 11:15:30,043;0,0;0;125
2016-07-28 11:15:30,070;0,0;0;125
2016-07-28 11:15:30,096;0,0;0;125
2016-07-28 11:15:30,123;0,0;0;125
2016-07-28 11:15:30,149;0,0;0;125
2016-07-28 11:15:30,176;0,0;0;125
2016-07-28 11:15:30,202;0,0;0;125
2016-07-28 11:15:30,229;0,0;0;125
2016-07-28 11:15:30,255;0,0;0;125
2016-07-28 11:15:30,281;0,0;0;125
2016-07-28 11:15:30,308;0,0;0;125
2016-07-28 11:15:30,334;0,0;0;125
2016-07-28 11:15:30,360;0,0;0;125
2016-07-28 11:15:30,386;0,0;0;125
2016-07-28 11:15:30,413;0,0;0;125
2016-07-28 11:15:30,439;0,0;0;125
2016-07-28 11:15:30,466;0,0;0;125
2016-07-28 11:15:30,492;0,0;0;125
2016-07-28 11:15:30,518;0,0;0;125
2016-07-28 11:15:30,544;0,0;0;125
2016-07-28 11:15:30,571;0,0;0;125
2016-07-28 11:15:30,597;0,0;0;125
2016-07-28 11:15:30,623;0,0;0;125
2016-07-28 11:15:30,649;0,0;0;125
2016-07-28 11:15:30,676;0,0;0;125
2016-07-28 11:15:30,702;0,0;0;125
2016-07-28 11:15:30,729;0,0;0;125
2016-07-28 11:15:30,755;0,0;0;125
2016-07-28 11:15:30,782;0,0;0;125
2016-07-28 11:15:30,808;0,0;0;125
2016-07-28 11:15:30,834;0,0;0;125
2016-07-28 11:15:30,860;0,0;0;125
2016-07-28 11:15:30,886;0,0;0;125
2016-07-28 11:15:30,912;0,0;0;125
2016-07-28 11:15:30,938;0,0;0;125
2016-07-28 11:15:30,965;0,0;0;125
2016-07-28 11:15:30,991;0,0;0;125
2016-07-28 11:15:31,017;0,0;0;125
2016-07-28 11:15:31,043;0,0;0;125
2016-07-28 11:15:31,070;0,0;0;125
2016-07-28 11:15:31,096;0,0;0;125
2016-07-28 11:15:31,122;0,0;0;125
2016-07-28 11:15:31,148;0,0;0;125
2016-07-28 11:15:31,174;0,0;0;125
2016-07-28 11:15:31,201;0,0;0;125
2016-07-28 11:15:31,227;0,0;0;125
2016-07-28 11:15:31,254;0,0;0;125
2016-07-28 11:15:31,280;0,0;0;125
2016-07-28 11:15:31,306;0,0;0;125
2016-07-28 11:15:31,332;0,0;0;125
2016-07-28 11:15:31,359;0,0;0;125
2016-07-28 11:15:31,385;0,0;0;125
2016-07-28 11:15:31,411;0,0;0;125
2016-07-28 11:15:31,437;0,0;0;125
2016-07-28 11:15:31,463;0,0;0;125
2016-07-28 11:15:31,490;0,0;0;125
2016-07-28 11:15:31,516;0,0;0;125
2016-07-28 11:15:31,542;0,0;0;125
2016-07-28 11:15:31,569;0,0;0;125
2016-07-28 11:15:31,595;0,0;0;125
2016-07-28 11:15:31,622;0,0;0;125
2016-07-28 11:15:31,648;0,0;0;125
2016-07-28 11:15:31,674;0,0;0;125
2016-07-28 11:15:31,701;0,0;0;125
2016-07-28 11:15:31,728;0,0;0;125
2016-07-28 11:15:31,755;0,0;0;125
2016-07-28 11:15:31,782;0,0;0;125
2016-07-28 11:15:31,809;0,0;0;125
2016-07-28 11:15:31,836;0,0;0;125
2016-07-28 11:15:31,862;0,0;0;125
2016-07-28 11:15:31,889;0,0;0;125
2016-07-28 11:15:31,916;0,0;0;125
2016-07-28 11:15:31,943;0,0;0;125
2016-07-28 11:15:31,970;0,0;0;125
2016-07-28 11:15:31,998;0,0;0;125
2016-07-28 11:15:32,025;0,0;0;125
2016-07-28 11:15:32,052;0,0;0;125
2016-07-28 11:15:32,079;0,0;0;125
2016-07-28 11:15:32,106;0,0;0;125
2016-07-28 11:15:32,133;0,0;0;125
2016-07-28 11:15:32,159;0,0;0;125
2016-07-28 11:15:32,186;0,0;0;125
2016-07-28 11:15:32,213;0,0;0;125
2016-07-28 11:15:32,245;0,0;0;125
2016-07-28 11:15:32,272;0,0;0;125
2016-07-28 11:15:32,299;0,0;0;125
2016-07-28 11:15:32,326;0,0;0;125
2016-07-28 11:15:32,353;0,0;0;125
2016-07-28 11:15:32,379;0,0;0;125
2016-07-28 11:15:32,406;0,0;0;125
2016-07-28 11:15:32,433;0,0;0;125
2016-07-28 11:15:32,460;0,0;0;125
2016-07-28 11:15:32,487;0,0;0;125
2016-07-28 11:15:32,513;0,0;0;125
2016-07-28 11:15:32,540;0,0;0;125
2016-07-28 11:15:32,568;0,0;0;125
2016-07-28 11:15:32,594;0,0;0;125
2016-07-28 11:15:32,621;0,0;0;125
2016-07-28 11:15:32,648;0,0;0;125
2016-07-28 11:15:32,675;0,0;0;125
2016-07-28 11:15:32,702;0,0;0;125
2016-07-28 11:15:32,729;0,0;0;125
2016-07-28 11:15:32,756;0,0;0;125
2016-07-28 11:15:32,783;0,0;0;125
2016-07-28 11:15:32,810;0,0;0;125
2016-07-28 11:15:32,837;0,0;0;125
2016-07-28 11:15:32,864;0,0;0;125
2016-07-28 11:15:32,891;0,0;0;125
2016-07-28 11:15:32,918;0,0;0;125
2016-07-28 11:15:32,944;0,0;0;125
2016-07-28 11:15:32,972;0,0;0;125
2016-07-28 11:15:32,999;0,0;0;125
2016-07-28 11:15:33,026;0,0;0;125
2016-07-28 11:15:33,053;0,0;0;125
2016-07-28 11:15:33,080;0,0;0;125
2016-07-28 11:15:33,107;0,0;0;125
2016-07-28 11:15:33,134;0,0;0;125
2016-07-28 11:15:33,160;0,0;0;125
2016-07-28 11:15:33,187;0,0;0;125
2016-07-28 11:15:33,213;0,0;0;125
2016-07-28 11:15:33,240;0,0;0;125
2016-07-28 11:15:33,267;0,0;0;125
2016-07-28 11:15:33,293;0,0;0;125
2016-07-28 11:15:33,321;0,0;0;125
2016-07-28 11:15:33,347;0,0;0;125
2016-07-28 11:15:33,374;0,0;0;125
2016-07-28 11:15:33,402;0,0;0;125
2016-07-28 11:15:33,428;0,0;0;125
2016-07-28 11:15:33,455;0,0;0;125
2016-07-28 11:15:33,482;0,0;0;125
2016-07-28 11:15:33,510;0,0;0;125
2016-07-28 11:15:33,537;0,0;0;125
2016-07-28 11:15:33,563;0,0;0;125
2016-07-28 11:15:33,590;0,0;0;125
2016-07-28 11:15:33,617;0,0;0;125
2016-07-28 11:15:33,644;0,0;0;125
2016-07-28 11:15:33,670;0,0;0;125
2016-07-28 11:15:33,697;0,0;0;125
2016-07-28 11:15:33,724;0,0;0;125
2016-07-28 11:15:33,751;0,0;0;125
2016-07-28 11:15:33,778;0,0;0;125
2016-07-28 11:15:33,804;0,0;0;125
2016-07-28 11:15:33,836;0,0;0;125
2016-07-28 11:15:33,863;0,0;0;125
2016-07-28 11:15:33,890;0,0;0;125
2016-07-28 11:15:33,916;0,0;0;125
2016-07-28 11:15:33,943;0,0;0;125
2016-07-28 11:15:33,970;0,0;0;125
2016-07-28 11:15:33,996;0,0;0;125
2016-07-28 11:15:34,022;0,0;0;125
2016-07-28 11:15:34,049;0,0;0;125
2016-07-28 11:15:34,075;0,0;0;125
2016-07-28 11:15:34,102;0,0;0;125
2016-07-28 11:15:34,128;0,0;0;125
2016-07-28 11:15:34,155;0,0;0;125
2016-07-28 11:15:34,181;0,0;0;125
2016-07-28 11:15:34,207;0,0;0;125
2016-07-28 11:15:34,233;0,0;0;125
2016-07-28 11:15:34,259;0,0;0;125
2016-07-28 11:15:34,286;0,0;0;125
2016-07-28 11:15:34,312;0,0;0;125
2016-07-28 11:15:34,338;0,0;0;125
2016-07-28 11:15:34,365;0,0;0;125
2016-07-28 11:15:34,391;0,0;0;125
2016-07-28 11:15:34,418;0,0;0;125
2016-07-28 11:15:34,444;0,0;0;125
2016-07-28 11:15:34,470;0,0;0;125
2016-07-28 11:15:34,497;0,0;0;125
2016-07-28 11:15:34,524;0,0;0;125
2016-07-28 11:15:34,550;0,0;0;125
2016-07-28 11:15:34,577;0,0;0;125
2016-07-28 11:15:34,603;0,0;0;125
2016-07-28 11:15:34,629;0,0;0;125
2016-07-28 11:15:34,655;0,0;0;125
2016-07-28 11:15:34,682;0,0;0;125
2016-07-28 11:15:34,708;0,0;0;125
2016-07-28 11:15:34,734;0,0;0;125
2016-07-28 11:15:34,761;0,0;0;125
2016-07-28 11:15:34,787;0,0;0;125
2016-07-28 11:15:34,813;0,0;0;125
2016-07-28 11:15:34,840;0,0;0;125
2016-07-28 11:15:34,866;0,0;0;125
2016-07-28 11:15:34,893;0,0;0;125
2016-07-28 11:15:34,919;0,0;0;125
2016-07-28 11:15:34,945;0,0;0;125
2016-07-28 11:15:34,972;0,0;0;125
2016-07-28 11:15:34,999;0,0;0;125
2016-07-28 11:15:35,025;0,0;0;125
2016-07-28 11:15:35,052;0,0;0;125
2016-07-28 11:15:35,078;0,0;0;125
2016-07-28 11:15:35,104;0,0;0;125
2016-07-28 11:15:35,130;0,0;0;125
2016-07-28 11:15:35,156;0,0;0;125
2016-07-28 11:15:35,183;0,0;0;125
2016-07-28 11:15:35,209;0,0;0;125
2016-07-28 11:15:35,235;0,0;0;125
2016-07-28 11:15:35,262;0,0;0;125
2016-07-28 11:15:35,288;0,0;0;125
2016-07-28 11:15:35,314;0,0;0;125
2016-07-28 11:15:35,340;0,0;0;125
2016-07-28 11:15:35,366;0,0;0;125
2016-07-28 11:15:35,392;0,0;0;125
2016-07-28 11:15:35,419;0,0;0;125
2016-07-28 11:15:35,445;0,0;0;125
2016-07-28 11:15:35,472;0,0;0;125
2016-07-28 11:15:35,498;0,0;0;125
2016-07-28 11:15:35,525;0,0;0;125
2016-07-28 11:15:35,551;0,0;0;125
2016-07-28 11:15:35,577;0,0;0;125
2016-07-28 11:15:35,604;0,0;0;125
2016-07-28 11:15:35,630;0,0;0;125
2016-07-28 11:15:35,656;0,0;0;125
2016-07-28 11:15:35,683;0,0;0;125
2016-07-28 11:15:35,709;0,0;0;125
2016-07-28 11:15:35,735;0,0;0;125
2016-07-28 11:15:35,761;0,0;0;125
2016-07-28 11:15:35,787;0,0;0;125
2016-07-28 11:15:35,814;0,0;0;125
2016-07-28 11:15:35,840;0,0;0;125
2016-07-28 11:15:35,866;0,0;0;125
2016-07-28 11:15:35,893;0,0;0;125
2016-07-28 11:15:35,919;0,0;0;125
2016-07-28 11:15:35,945;0,0;0;125
2016-07-28 11:15:35,972;0,0;0;125
2016-07-28 11:15:35,999;0,0;0;125
2016-07-28 11:15:36,025;0,0;0;125
2016-07-28 11:15:36,052;0,0;0;125
2016-07-28 11:15:36,078;0,0;0;125
2016-07-28 11:15:36,104;0,0;0;125
2016-07-28 11:15:36,131;0,0;0;125
2016-07-28 11:15:36,157;0,0;0;125
2016-07-28 11:15:36,183;0,0;0;125
2016-07-28 11:15:36,210;0,0;0;125
2016-07-28 11:15:36,236;0,0;0;125
2016-07-28 11:15:36,263;0,0;0;125
2016-07-28 11:15:36,289;0,0;0;125
2016-07-28 11:15:36,315;0,0;0;125
2016-07-28 11:15:36,342;0,0;0;125
2016-07-28 11:15:36,368;0,0;0;125
2016-07-28 11:15:36,394;0,0;0;125
2016-07-28 11:15:36,421;0,0;0;125
2016-07-28 11:15:36,447;0,0;0;125
2016-07-28 11:15:36,474;0,0;0;125
2016-07-28 11:15:36,500;0,0;0;125
2016-07-28 11:15:36,526;0,0;0;125
2016-07-28 11:15:36,553;0,0;0;125
2016-07-28 11:15:36,579;0,0;0;125
2016-07-28 11:15:36,605;0,0;0;125
2016-07-28 11:15:36,632;0,0;0;125
2016-07-28 11:15:36,658;0,0;0;125
2016-07-28 11:15:36,684;0,0;0;125
2016-07-28 11:15:36,712;0,0;0;125
2016-07-28 11:15:36,739;0,0;0;125
2016-07-28 11:15:36,766;0,0;0;125
2016-07-28 11:15:36,792;0,0;0;125
2016-07-28 11:15:36,819;0,0;0;125
2016-07-28 11:15:36,846;0,0;0;125
2016-07-28 11:15:36,873;0,0;0;125
2016-07-28 11:15:36,906;0,0;0;125
2016-07-28 11:15:36,933;0,0;0;125
2016-07-28 11:15:36,960;0,0;0;125
2016-07-28 11:15:36,986;0,0;0;125
2016-07-28 11:15:37,013;0,0;0;125
2016-07-28 11:15:37,040;0,0;0;125
2016-07-28 11:15:37,067;0,0;0;125
2016-07-28 11:15:37,093;0,0;0;125
2016-07-28 11:15:37,120;0,0;0;125
2016-07-28 11:15:37,147;0,0;0;125
2016-07-28 11:15:37,173;0,0;0;125
2016-07-28 11:15:37,200;0,0;0;125
2016-07-28 11:15:37,226;0,0;0;125
2016-07-28 11:15:37,261;0,0;0;125
2016-07-28 11:15:37,287;0,0;0;125
2016-07-28 11:15:37,313;0,0;0;125
2016-07-28 11:15:37,339;0,0;0;125
2016-07-28 11:15:37,366;0,0;0;125
2016-07-28 11:15:37,392;0,0;0;125
2016-07-28 11:15:37,418;0,0;0;125
2016-07-28 11:15:37,445;0,0;0;125
2016-07-28 11:15:37,471;0,0;0;125
2016-07-28 11:15:37,498;0,0;0;125
2016-07-28 11:15:37,525;0,0;0;125
2016-07-28 11:15:37,551;0,0;0;125
2016-07-28 11:15:37,578;0,0;0;125
2016-07-28 11:15:37,604;0,0;0;125
2016-07-28 11:15:37,630;0,0;0;125
2016-07-28 11:15:37,657;0,0;0;125
2016-07-28 11:15:37,683;0,0;0;125
2016-07-28 11:15:37,710;0,0;0;125
2016-07-28 11:15:37,736;0,0;0;125
2016-07-28 11:15:37,762;0,0;0;125
2016-07-28 11:15:37,789;0,0;0;125
2016-07-28 11:15:37,815;0,0;0;125
2016-07-28 11:15:37,841;0,0;0;125
2016-07-28 11:15:37,867;0,0;0;125
2016-07-28 11:15:37,894;0,0;0;125
2016-07-28 11:15:37,920;0,0;0;125
2016-07-28 11:15:37,947;0,0;0;125
2016-07-28 11:15:37,973;0,0;0;125
2016-07-28 11:15:38,000;0,0;0;125
2016-07-28 11:15:38,027;0,0;0;125
2016-07-28 11:15:38,053;0,0;0;125
2016-07-28 11:15:38,080;0,0;0;125
2016-07-28 11:15:38,106;0,0;0;125
2016-07-28 11:15:38,132;0,0;0;125
2016-07-28 11:15:38,159;0,0;0;125
2016-07-28 11:15:38,185;0,0;0;125
2016-07-28 11:15:38,211;0,0;0;125
2016-07-28 11:15:38,238;0,0;0;125
2016-07-28 11:15:38,264;0,0;0;125
2016-07-28 11:15:38,291;0,0;0;125
2016-07-28 11:15:38,317;0,0;0;125
2016-07-28 11:15:38,344;0,0;0;125
2016-07-28 11:15:38,370;0,0;0;125
2016-07-28 11:15:38,397;0,0;0;125
2016-07-28 11:15:38,423;0,0;0;125
2016-07-28 11:15:38,450;0,0;0;125
2016-07-28 11:15:38,476;0,0;0;125
2016-07-28 11:15:38,502;0,0;0;125
2016-07-28 11:15:38,529;0,0;0;125
2016-07-28 11:15:38,555;0,0;0;125
2016-07-28 11:15:38,582;0,0;0;125
2016-07-28 11:15:38,608;0,0;0;125
2016-07-28 11:15:38,634;0,0;0;125
2016-07-28 11:15:38,661;0,0;0;125
2016-07-28 11:15:38,687;0,0;0;125
2016-07-28 11:15:38,713;0,0;0;125
2016-07-28 11:15:38,739;0,0;0;125
2016-07-28 11:15:38,766;0,0;0;125
2016-07-28 11:15:38,792;0,0;0;125
2016-07-28 11:15:38,818;0,0;0;125
2016-07-28 11:15:38,844;0,0;0;125
2016-07-28 11:15:38,871;0,0;0;125
2016-07-28 11:15:38,898;0,0;0;125
2016-07-28 11:15:38,924;0,0;0;125
2016-07-28 11:15:38,950;0,0;0;125
2016-07-28 11:15:38,977;0,0;0;125
2016-07-28 11:15:39,003;0,0;0;125
2016-07-28 11:15:39,029;0,0;0;125
2016-07-28 11:15:39,055;0,0;0;125
2016-07-28 11:15:39,082;0,0;0;125
2016-07-28 11:15:39,108;0,0;0;125
2016-07-28 11:15:39,134;0,0;0;125
2016-07-28 11:15:39,160;0,0;0;125
2016-07-28 11:15:39,186;0,0;0;125
2016-07-28 11:15:39,213;0,0;0;125
2016-07-28 11:15:39,239;0,0;0;125
2016-07-28 11:15:39,265;0,0;0;125
2016-07-28 11:15:39,291;0,0;0;125
2016-07-28 11:15:39,318;0,0;0;125
2016-07-28 11:15:39,344;0,0;0;125
2016-07-28 11:15:39,371;0,0;0;125
2016-07-28 11:15:39,397;0,0;0;125
2016-07-28 11:15:39,423;0,0;0;125
2016-07-28 11:15:39,450;0,0;0;125
2016-07-28 11:15:39,476;0,0;0;125
2016-07-28 11:15:39,502;0,0;0;125
2016-07-28 11:15:39,528;0,0;0;125
2016-07-28 11:15:39,554;0,0;0;125
2016-07-28 11:15:39,581;0,0;0;125
2016-07-28 11:15:39,607;0,0;0;125
2016-07-28 11:15:39,633;0,0;0;125
2016-07-28 11:15:39,660;0,0;0;125
2016-07-28 11:15:39,686;0,0;0;125
2016-07-28 11:15:39,712;0,0;0;125
2016-07-28 11:15:39,738;0,0;0;125
2016-07-28 11:15:39,765;0,0;0;125
2016-07-28 11:15:39,791;0,0;0;125
2016-07-28 11:15:39,817;0,0;0;125
2016-07-28 11:15:39,844;0,0;0;125
2016-07-28 11:15:39,870;0,0;0;125
2016-07-28 11:15:39,896;0,0;0;125
2016-07-28 11:15:39,923;0,0;0;125
2016-07-28 11:15:39,949;0,0;0;125
2016-07-28 11:15:39,975;0,0;0;125
2016-07-28 11:15:40,001;0,0;0;125
2016-07-28 11:15:40,028;0,0;0;125
2016-07-28 11:15:40,054;0,0;0;125
2016-07-28 11:15:40,080;0,0;0;125
2016-07-28 11:15:40,106;0,0;0;125
2016-07-28 11:15:40,133;0,0;0;125
2016-07-28 11:15:40,159;0,0;0;125
2016-07-28 11:15:40,185;0,0;0;125
2016-07-28 11:15:40,211;0,0;0;125
2016-07-28 11:15:40,237;0,0;0;125
2016-07-28 11:15:40,264;0,0;0;125
2016-07-28 11:15:40,290;0,0;0;125
2016-07-28 11:15:40,316;0,0;0;125
2016-07-28 11:15:40,342;0,0;0;125
2016-07-28 11:15:40,369;0,0;0;125
2016-07-28 11:15:40,395;0,0;0;125
2016-07-28 11:15:40,422;0,0;0;125
2016-07-28 11:15:40,448;0,0;0;125
2016-07-28 11:15:40,474;0,0;0;125
2016-07-28 11:15:40,500;0,0;0;125
2016-07-28 11:15:40,527;0,0;0;125
2016-07-28 11:15:40,553;0,0;0;125
2016-07-28 11:15:40,579;0,0;0;125
2016-07-28 11:15:40,605;0,0;0;125
2016-07-28 11:15:40,632;0,0;0;125
2016-07-28 11:15:40,658;0,0;0;125
2016-07-28 11:15:40,684;0,0;0;125
2016-07-28 11:15:40,711;0,0;0;125
2016-07-28 11:15:40,737;0,0;0;125
2016-07-28 11:15:40,763;0,0;0;125
2016-07-28 11:15:40,789;0,0;0;125
2016-07-28 11:15:40,816;0,0;0;125
2016-07-28 11:15:40,842;0,0;0;125
2016-07-28 11:15:40,868;0,0;0;125
2016-07-28 11:15:40,895;0,0;0;125
2016-07-28 11:15:40,922;0,0;0;125
2016-07-28 11:15:40,949;0,0;0;125
2016-07-28 11:15:40,975;0,0;0;125
2016-07-28 11:15:41,002;0,0;0;125
2016-07-28 11:15:41,028;0,0;0;125
2016-07-28 11:15:41,055;0,0;0;125
2016-07-28 11:15:41,081;0,0;0;125
2016-07-28 11:15:41,107;0,0;0;125
2016-07-28 11:15:41,133;0,0;0;125
2016-07-28 11:15:41,160;0,0;0;125
2016-07-28 11:15:41,186;0,0;0;125
2016-07-28 11:15:41,212;0,0;0;125
2016-07-28 11:15:41,238;0,0;0;125
2016-07-28 11:15:41,265;0,0;0;125
2016-07-28 11:15:41,291;0,0;0;125
2016-07-28 11:15:41,317;0,0;0;125
2016-07-28 11:15:41,343;0,0;0;125
2016-07-28 11:15:41,370;0,0;0;125
2016-07-28 11:15:41,396;0,0;0;125
2016-07-28 11:15:41,423;0,0;0;125
2016-07-28 11:15:41,450;0,0;0;125
2016-07-28 11:15:41,477;0,0;0;125
2016-07-28 11:15:41,504;0,0;0;125
2016-07-28 11:15:41,530;0,0;0;125
2016-07-28 11:15:41,557;0,0;0;125
2016-07-28 11:15:41,583;0,0;0;125
2016-07-28 11:15:41,609;0,0;0;125
2016-07-28 11:15:41,636;0,0;0;125
2016-07-28 11:15:41,662;0,0;0;125
2016-07-28 11:15:41,688;0,0;0;125
2016-07-28 11:15:41,715;0,0;0;125
2016-07-28 11:15:41,742;0,0;0;125
2016-07-28 11:15:41,769;0,0;0;125
2016-07-28 11:15:41,796;0,0;0;125
2016-07-28 11:15:41,824;0,0;0;125
2016-07-28 11:15:41,851;0,0;0;125
2016-07-28 11:15:41,877;0,0;0;125
2016-07-28 11:15:41,904;0,0;0;125
2016-07-28 11:15:41,930;0,0;0;125
2016-07-28 11:15:41,957;0,0;0;125
2016-07-28 11:15:41,984;0,0;0;125
2016-07-28 11:15:42,011;0,0;0;125
2016-07-28 11:15:42,038;0,0;0;125
2016-07-28 11:15:42,064;0,0;0;125
2016-07-28 11:15:42,091;0,0;0;125
2016-07-28 11:15:42,118;0,0;0;125
2016-07-28 11:15:42,145;0,0;0;125
2016-07-28 11:15:42,171;0,0;0;125
2016-07-28 11:15:42,198;0,0;0;125
2016-07-28 11:15:42,225;0,0;0;125
2016-07-28 11:15:42,256;0,0;0;125
2016-07-28 11:15:42,283;0,0;0;125
2016-07-28 11:15:42,310;0,0;0;125
2016-07-28 11:15:42,337;0,0;0;125
2016-07-28 11:15:42,363;0,0;0;125
2016-07-28 11:15:42,390;0,0;0;125
2016-07-28 11:15:42,417;0,0;0;125
2016-07-28 11:15:42,444;0,0;0;125
2016-07-28 11:15:42,471;0,0;0;125
2016-07-28 11:15:42,498;0,0;0;125
2016-07-28 11:15:42,524;0,0;0;125
2016-07-28 11:15:42,551;0,0;0;125
2016-07-28 11:15:42,578;0,0;0;125
2016-07-28 11:15:42,605;0,0;0;125
2016-07-28 11:15:42,632;0,0;0;125
2016-07-28 11:15:42,659;0,0;0;125
2016-07-28 11:15:42,685;0,0;0;125
2016-07-28 11:15:42,713;0,0;0;125
2016-07-28 11:15:42,739;0,0;0;125
2016-07-28 11:15:42,766;0,0;0;125
2016-07-28 11:15:42,792;0,0;0;125
2016-07-28 11:15:42,819;0,0;0;125
2016-07-28 11:15:42,846;0,0;0;125
2016-07-28 11:15:42,872;0,0;0;125
2016-07-28 11:15:42,899;0,0;0;125
2016-07-28 11:15:42,926;0,0;0;125
2016-07-28 11:15:42,953;0,0;0;125
2016-07-28 11:15:42,980;0,0;0;125
2016-07-28 11:15:43,007;0,0;0;125
2016-07-28 11:15:43,034;0,0;0;125
2016-07-28 11:15:43,061;0,0;0;125
2016-07-28 11:15:43,087;0,0;0;125
2016-07-28 11:15:43,114;0,0;0;125
2016-07-28 11:15:43,141;0,0;0;125
2016-07-28 11:15:43,168;0,0;0;125
2016-07-28 11:15:43,195;0,0;0;125
2016-07-28 11:15:43,222;0,0;0;125
2016-07-28 11:15:43,249;0,0;0;125
2016-07-28 11:15:43,276;0,0;0;125
2016-07-28 11:15:43,303;0,0;0;125
2016-07-28 11:15:43,330;0,0;0;125
2016-07-28 11:15:43,356;0,0;0;125
2016-07-28 11:15:43,383;0,0;0;125
2016-07-28 11:15:43,410;0,0;0;125
2016-07-28 11:15:43,436;0,0;0;125
2016-07-28 11:15:43,463;0,0;0;125
2016-07-28 11:15:43,489;0,0;0;125
2016-07-28 11:15:43,516;0,0;0;125
2016-07-28 11:15:43,543;0,0;0;125
2016-07-28 11:15:43,570;0,0;0;125
2016-07-28 11:15:43,597;0,0;0;125
2016-07-28 11:15:43,623;0,0;0;125
2016-07-28 11:15:43,650;0,0;0;125
2016-07-28 11:15:43,677;0,0;0;125
2016-07-28 11:15:43,704;0,0;0;125
2016-07-28 11:15:43,732;0,0;0;125
2016-07-28 11:15:43,758;0,0;0;125
2016-07-28 11:15:43,785;0,0;0;125
2016-07-28 11:15:43,812;0,0;0;125
2016-07-28 11:15:43,839;0,0;0;125
2016-07-28 11:15:43,866;0,0;0;125
2016-07-28 11:15:43,892;0,0;0;125
2016-07-28 11:15:43,919;0,0;0;125
2016-07-28 11:15:43,946;0,0;0;125
2016-07-28 11:15:43,973;0,0;0;125
2016-07-28 11:15:44,000;0,0;0;125
2016-07-28 11:15:44,027;0,0;0;125
2016-07-28 11:15:44,054;0,0;0;125
2016-07-28 11:15:44,081;0,0;0;125
2016-07-28 11:15:44,108;0,0;0;125
2016-07-28 11:15:44,134;0,0;0;125
2016-07-28 11:15:44,161;0,0;0;125
2016-07-28 11:15:44,188;0,0;0;125
2016-07-28 11:15:44,215;0,0;0;125
2016-07-28 11:15:44,242;0,0;0;125
2016-07-28 11:15:44,269;0,0;0;125
2016-07-28 11:15:44,296;0,0;0;125
2016-07-28 11:15:44,323;0,0;0;125
2016-07-28 11:15:44,350;0,0;0;125
2016-07-28 11:15:44,377;0,0;0;125
2016-07-28 11:15:44,404;0,0;0;125
2016-07-28 11:15:44,431;0,0;0;125
2016-07-28 11:15:44,459;0,0;0;125
2016-07-28 11:15:44,486;0,0;0;125
2016-07-28 11:15:44,512;0,0;0;125
2016-07-28 11:15:44,539;0,0;0;125
2016-07-28 11:15:44,567;0,0;0;125
2016-07-28 11:15:44,593;0,0;0;125
2016-07-28 11:15:44,620;0,0;0;125
2016-07-28 11:15:44,647;0,0;0;125
2016-07-28 11:15:44,674;0,0;0;125
2016-07-28 11:15:44,701;0,0;0;125
2016-07-28 11:15:44,728;0,0;0;125
2016-07-28 11:15:44,755;0,0;0;125
2016-07-28 11:15:44,782;0,0;0;125
2016-07-28 11:15:44,808;0,0;0;125
2016-07-28 11:15:44,835;0,0;0;125
2016-07-28 11:15:44,862;0,0;0;125
2016-07-28 11:15:44,889;0,0;0;125
2016-07-28 11:15:44,916;0,0;0;125
2016-07-28 11:15:44,943;0,0;0;125
2016-07-28 11:15:44,970;0,0;0;125
2016-07-28 11:15:44,997;0,0;0;125
2016-07-28 11:15:45,024;0,0;0;125
2016-07-28 11:15:45,051;0,0;0;125
2016-07-28 11:15:45,078;0,0;0;125
2016-07-28 11:15:45,105;0,0;0;125
2016-07-28 11:15:45,132;0,0;0;125
2016-07-28 11:15:45,159;0,0;0;125
2016-07-28 11:15:45,186;0,0;0;125
2016-07-28 11:15:45,212;0,0;0;125
2016-07-28 11:15:45,239;0,0;0;125
2016-07-28 11:15:45,266;0,0;0;125
2016-07-28 11:15:45,293;0,0;0;125
2016-07-28 11:15:45,319;0,0;0;125
2016-07-28 11:15:45,346;0,0;0;125
2016-07-28 11:15:45,373;0,0;0;125
2016-07-28 11:15:45,399;0,0;0;125
2016-07-28 11:15:45,426;0,0;0;125
2016-07-28 11:15:45,453;0,0;0;125
2016-07-28 11:15:45,480;0,0;0;125
2016-07-28 11:15:45,506;0,0;0;125
2016-07-28 11:15:45,533;0,0;0;125
2016-07-28 11:15:45,559;0,0;0;125
2016-07-28 11:15:45,586;0,0;0;125
2016-07-28 11:15:45,613;0,0;0;125
2016-07-28 11:15:45,639;0,0;0;125
2016-07-28 11:15:45,666;0,0;0;125
2016-07-28 11:15:45,693;0,0;0;125
2016-07-28 11:15:45,719;0,0;0;125
2016-07-28 11:15:45,746;0,0;0;125
2016-07-28 11:15:45,773;0,0;0;125
2016-07-28 11:15:45,800;0,0;0;125
2016-07-28 11:15:45,827;0,0;0;125
2016-07-28 11:15:45,854;0,0;0;125
2016-07-28 11:15:45,881;0,0;0;125
2016-07-28 11:15:45,907;0,0;0;125
2016-07-28 11:15:45,934;0,0;0;125
2016-07-28 11:15:45,961;0,0;0;125
2016-07-28 11:15:45,987;0,0;0;125
2016-07-28 11:15:46,014;0,0;0;125
2016-07-28 11:15:46,041;0,0;0;125
2016-07-28 11:15:46,068;0,0;0;125
2016-07-28 11:15:46,095;0,0;0;125
2016-07-28 11:15:46,122;0,0;0;125
2016-07-28 11:15:46,149;0,0;0;125
2016-07-28 11:15:46,176;0,0;0;125
2016-07-28 11:15:46,202;0,0;0;125
2016-07-28 11:15:46,229;0,0;0;125
2016-07-28 11:15:46,255;0,0;0;125
2016-07-28 11:15:46,282;0,0;0;125
2016-07-28 11:15:46,309;0,0;0;125
2016-07-28 11:15:46,336;0,0;0;125
2016-07-28 11:15:46,362;0,0;0;125
2016-07-28 11:15:46,389;0,0;0;125
2016-07-28 11:15:46,415;0,0;0;125
2016-07-28 11:15:46,442;0,0;0;125
2016-07-28 11:15:46,469;0,0;0;125
2016-07-28 11:15:46,496;0,0;0;125
2016-07-28 11:15:46,522;0,0;0;125
2016-07-28 11:15:46,549;0,0;0;125
2016-07-28 11:15:46,576;0,0;0;125
2016-07-28 11:15:46,603;0,0;0;125
2016-07-28 11:15:46,630;0,0;0;125
2016-07-28 11:15:46,657;0,0;0;125
2016-07-28 11:15:46,684;0,0;0;125
2016-07-28 11:15:46,710;0,0;0;125
2016-07-28 11:15:46,737;0,0;0;125
2016-07-28 11:15:46,764;0,0;0;125
2016-07-28 11:15:46,790;0,0;0;125
2016-07-28 11:15:46,817;0,0;0;125
2016-07-28 11:15:46,844;0,0;0;125
2016-07-28 11:15:46,871;0,0;0;125
2016-07-28 11:15:46,898;0,0;0;125
2016-07-28 11:15:46,924;0,0;0;125
2016-07-28 11:15:46,951;0,0;0;125
2016-07-28 11:15:46,978;0,0;0;125
2016-07-28 11:15:47,004;0,0;0;125
2016-07-28 11:15:47,030;0,0;0;125
2016-07-28 11:15:47,056;0,0;0;125
2016-07-28 11:15:47,082;0,0;0;125
2016-07-28 11:15:47,109;0,0;0;125
2016-07-28 11:15:47,135;0,0;0;125
2016-07-28 11:15:47,161;0,0;0;125
2016-07-28 11:15:47,187;0,0;0;125
2016-07-28 11:15:47,214;0,0;0;125
2016-07-28 11:15:47,240;0,0;0;125
2016-07-28 11:15:47,271;0,0;0;125
2016-07-28 11:15:47,298;0,0;0;125
2016-07-28 11:15:47,324;0,0;0;125
2016-07-28 11:15:47,350;0,0;0;125
2016-07-28 11:15:47,376;0,0;0;125
2016-07-28 11:15:47,403;0,0;0;125
2016-07-28 11:15:47,430;0,0;0;125
2016-07-28 11:15:47,457;0,0;0;125
2016-07-28 11:15:47,483;0,0;0;125
2016-07-28 11:15:47,509;0,0;0;125
2016-07-28 11:15:47,535;0,0;0;125
2016-07-28 11:15:47,562;0,0;0;125
2016-07-28 11:15:47,588;0,0;0;125
2016-07-28 11:15:47,614;0,0;0;125
2016-07-28 11:15:47,641;0,0;0;125
2016-07-28 11:15:47,667;0,0;0;125
2016-07-28 11:15:47,694;0,0;0;125
2016-07-28 11:15:47,721;0,0;0;125
2016-07-28 11:15:47,747;0,0;0;125
2016-07-28 11:15:47,774;0,0;0;125
2016-07-28 11:15:47,801;0,0;0;125
2016-07-28 11:15:47,827;0,0;0;125
2016-07-28 11:15:47,854;0,0;0;125
2016-07-28 11:15:47,880;0,0;0;125
2016-07-28 11:15:47,906;0,0;0;125
2016-07-28 11:15:47,933;0,0;0;125
2016-07-28 11:15:47,959;0,0;0;125
2016-07-28 11:15:47,985;0,0;0;125
2016-07-28 11:15:48,011;0,0;0;125
2016-07-28 11:15:48,038;0,0;0;125
2016-07-28 11:15:48,064;0,0;0;125
2016-07-28 11:15:48,091;0,0;0;125
2016-07-28 11:15:48,117;0,0;0;125
2016-07-28 11:15:48,143;0,0;0;125
2016-07-28 11:15:48,170;0,0;0;125
2016-07-28 11:15:48,196;0,0;0;125
2016-07-28 11:15:48,223;0,0;0;125
2016-07-28 11:15:48,249;0,0;0;125
2016-07-28 11:15:48,276;0,0;0;125
2016-07-28 11:15:48,303;0,0;0;125
2016-07-28 11:15:48,329;0,0;0;125
2016-07-28 11:15:48,356;0,0;0;125
2016-07-28 11:15:48,382;0,0;0;125
2016-07-28 11:15:48,408;0,0;0;125
2016-07-28 11:15:48,435;0,0;0;125
2016-07-28 11:15:48,461;0,0;0;125
2016-07-28 11:15:48,487;0,0;0;125
2016-07-28 11:15:48,513;0,0;0;125
2016-07-28 11:15:48,540;0,0;0;125
2016-07-28 11:15:48,566;0,0;0;125
2016-07-28 11:15:48,592;0,0;0;125
2016-07-28 11:15:48,619;0,0;0;125
2016-07-28 11:15:48,645;0,0;0;125
2016-07-28 11:15:48,672;0,0;0;125
2016-07-28 11:15:48,698;0,0;0;125
2016-07-28 11:15:48,724;0,0;0;125
2016-07-28 11:15:48,751;0,0;0;125
2016-07-28 11:15:48,777;0,0;0;125
2016-07-28 11:15:48,803;0,0;0;125
2016-07-28 11:15:48,830;0,0;0;125
2016-07-28 11:15:48,856;0,0;0;125
2016-07-28 11:15:48,882;0,0;0;125
2016-07-28 11:15:48,909;0,0;0;125
2016-07-28 11:15:48,935;0,0;0;125
2016-07-28 11:15:48,962;0,0;0;125
2016-07-28 11:15:48,988;0,0;0;125
2016-07-28 11:15:49,014;0,0;0;125
2016-07-28 11:15:49,041;0,0;0;125
2016-07-28 11:15:49,067;0,0;0;125
2016-07-28 11:15:49,094;0,0;0;125
2016-07-28 11:15:49,120;0,0;0;125
2016-07-28 11:15:49,147;0,0;0;125
2016-07-28 11:15:49,173;0,0;0;125
2016-07-28 11:15:49,200;0,0;0;125
2016-07-28 11:15:49,226;0,0;0;125
2016-07-28 11:15:49,252;0,0;0;125
2016-07-28 11:15:49,278;0,0;0;125
2016-07-28 11:15:49,305;0,0;0;125
2016-07-28 11:15:49,331;0,0;0;125
2016-07-28 11:15:49,358;0,0;0;125
2016-07-28 11:15:49,384;0,0;0;125
2016-07-28 11:15:49,410;0,0;0;125
2016-07-28 11:15:49,436;0,0;0;125
2016-07-28 11:15:49,462;0,0;0;125
2016-07-28 11:15:49,489;0,0;0;125
2016-07-28 11:15:49,515;0,0;0;125
2016-07-28 11:15:49,541;0,0;0;125
2016-07-28 11:15:49,567;0,0;0;125
2016-07-28 11:15:49,594;0,0;0;125
2016-07-28 11:15:49,620;0,0;0;125
2016-07-28 11:15:49,647;0,0;0;125
2016-07-28 11:15:49,673;0,0;0;125
2016-07-28 11:15:49,699;0,0;0;125
2016-07-28 11:15:49,725;0,0;0;125
2016-07-28 11:15:49,752;0,0;0;125
2016-07-28 11:15:49,778;0,0;0;125
2016-07-28 11:15:49,804;0,0;0;125
2016-07-28 11:15:49,830;0,0;0;125
2016-07-28 11:15:49,857;0,0;0;125
2016-07-28 11:15:49,883;0,0;0;125
2016-07-28 11:15:49,909;0,0;0;125
2016-07-28 11:15:49,936;0,0;0;125
2016-07-28 11:15:49,962;0,0;0;125
2016-07-28 11:15:49,988;0,0;0;125
2016-07-28 11:15:50,015;0,0;0;125
2016-07-28 11:15:50,041;0,0;0;125
2016-07-28 11:15:50,067;0,0;0;125
2016-07-28 11:15:50,094;0,0;0;125
2016-07-28 11:15:50,120;0,0;0;125
2016-07-28 11:15:50,147;0,0;0;125
2016-07-28 11:15:50,173;0,0;0;125
2016-07-28 11:15:50,199;0,0;0;125
2016-07-28 11:15:50,226;0,0;0;125
2016-07-28 11:15:50,252;0,0;0;125
2016-07-28 11:15:50,278;0,0;0;125
2016-07-28 11:15:50,304;0,0;0;125
2016-07-28 11:15:50,331;0,0;0;125
2016-07-28 11:15:50,357;0,0;0;125
2016-07-28 11:15:50,383;0,0;0;125
2016-07-28 11:15:50,409;0,0;0;125
2016-07-28 11:15:50,435;0,0;0;125
2016-07-28 11:15:50,462;0,0;0;125
2016-07-28 11:15:50,488;0,0;0;125
2016-07-28 11:15:50,514;0,0;0;125
2016-07-28 11:15:50,540;0,0;0;125
2016-07-28 11:15:50,566;0,0;0;125
2016-07-28 11:15:50,593;0,0;0;125
2016-07-28 11:15:50,619;0,0;0;125
2016-07-28 11:15:50,645;0,0;0;125
2016-07-28 11:15:50,672;0,0;0;125
2016-07-28 11:15:50,698;0,0;0;125
2016-07-28 11:15:50,724;0,0;0;125
2016-07-28 11:15:50,751;0,0;0;125
2016-07-28 11:15:50,777;0,0;0;125
2016-07-28 11:15:50,803;0,0;0;125
2016-07-28 11:15:50,829;0,0;0;125
2016-07-28 11:15:50,855;0,0;0;125
2016-07-28 11:15:50,881;0,0;0;125
2016-07-28 11:15:50,908;0,0;0;125
2016-07-28 11:15:50,934;0,0;0;125
2016-07-28 11:15:50,960;0,0;0;125
2016-07-28 11:15:50,986;0,0;0;125
2016-07-28 11:15:51,013;0,0;0;125
2016-07-28 11:15:51,039;0,0;0;125
2016-07-28 11:15:51,065;0,0;0;125
2016-07-28 11:15:51,091;0,0;0;125
2016-07-28 11:15:51,118;0,0;0;125
2016-07-28 11:15:51,144;0,0;0;125
2016-07-28 11:15:51,170;0,0;0;125
2016-07-28 11:15:51,196;0,0;0;125
2016-07-28 11:15:51,223;0,0;0;125
2016-07-28 11:15:51,249;0,0;0;125
2016-07-28 11:15:51,275;0,0;0;125
2016-07-28 11:15:51,302;0,0;0;125
2016-07-28 11:15:51,329;0,0;0;125
2016-07-28 11:15:51,356;0,0;0;125
2016-07-28 11:15:51,382;0,0;0;125
2016-07-28 11:15:51,409;0,0;0;125
2016-07-28 11:15:51,435;0,0;0;125
2016-07-28 11:15:51,461;0,0;0;125
2016-07-28 11:15:51,488;0,0;0;125
2016-07-28 11:15:51,514;0,0;0;125
2016-07-28 11:15:51,540;0,0;0;125
2016-07-28 11:15:51,567;0,0;0;125
2016-07-28 11:15:51,593;0,0;0;125
2016-07-28 11:15:51,620;0,0;0;125
2016-07-28 11:15:51,646;0,0;0;125
2016-07-28 11:15:51,672;0,0;0;125
2016-07-28 11:15:51,700;0,0;0;125
2016-07-28 11:15:51,727;0,0;0;125
2016-07-28 11:15:51,754;0,0;0;125
2016-07-28 11:15:51,781;0,0;0;125
2016-07-28 11:15:51,808;0,0;0;125
2016-07-28 11:15:51,834;0,0;0;125
2016-07-28 11:15:51,861;0,0;0;125
2016-07-28 11:15:51,888;0,0;0;125
2016-07-28 11:15:51,914;0,0;0;125
2016-07-28 11:15:51,941;0,0;0;125
2016-07-28 11:15:51,968;0,0;0;125
2016-07-28 11:15:51,995;0,0;0;125
2016-07-28 11:15:52,022;0,0;0;125
2016-07-28 11:15:52,048;0,0;0;125
2016-07-28 11:15:52,075;0,0;0;125
2016-07-28 11:15:52,103;0,0;0;125
2016-07-28 11:15:52,129;0,0;0;125
2016-07-28 11:15:52,156;0,0;0;125
2016-07-28 11:15:52,183;0,0;0;125
2016-07-28 11:15:52,210;0,0;0;125
2016-07-28 11:15:52,237;0,0;0;125
2016-07-28 11:15:52,272;0,0;0;125
2016-07-28 11:15:52,299;0,0;0;125
2016-07-28 11:15:52,326;0,0;0;125
2016-07-28 11:15:52,353;0,0;0;125
2016-07-28 11:15:52,380;0,0;0;125
2016-07-28 11:15:52,406;0,0;0;125
2016-07-28 11:15:52,433;0,0;0;125
2016-07-28 11:15:52,460;0,0;0;125
2016-07-28 11:15:52,487;0,0;0;125
2016-07-28 11:15:52,514;0,0;0;125
2016-07-28 11:15:52,540;0,0;0;125
2016-07-28 11:15:52,567;0,0;0;125
2016-07-28 11:15:52,595;0,0;0;125
2016-07-28 11:15:52,622;0,0;0;125
2016-07-28 11:15:52,649;0,0;0;125
2016-07-28 11:15:52,675;0,0;0;125
2016-07-28 11:15:52,703;0,0;0;125
2016-07-28 11:15:52,730;0,0;0;125
2016-07-28 11:15:52,756;0,0;0;125
2016-07-28 11:15:52,783;0,0;0;125
2016-07-28 11:15:52,810;0,0;0;125
2016-07-28 11:15:52,836;0,0;0;125
2016-07-28 11:15:52,863;0,0;0;125
2016-07-28 11:15:52,890;0,0;0;125
2016-07-28 11:15:52,917;0,0;0;125
2016-07-28 11:15:52,944;0,0;0;125
2016-07-28 11:15:52,971;0,0;0;125
2016-07-28 11:15:52,998;0,0;0;125
2016-07-28 11:15:53,025;0,0;0;125
2016-07-28 11:19:00,466;0,0;0;123
2016-07-28 11:19:00,496;0,0;0;122
2016-07-28 11:19:00,522;0,0;0;122
2016-07-28 11:19:00,549;0,0;0;122
2016-07-28 11:19:00,576;0,0;0;122
2016-07-28 11:19:00,616;0,0;0;121
2016-07-28 11:19:00,642;0,0;0;121
2016-07-28 11:19:00,668;0,0;0;121
2016-07-28 11:19:00,695;0,0;0;121
2016-07-28 11:19:00,736;0,0;0;121
2016-07-28 11:19:00,763;0,0;0;121
2016-07-28 11:19:00,789;0,0;0;121
2016-07-28 11:19:00,815;0,0;0;121
2016-07-28 11:19:00,856;0,0;0;121
2016-07-28 11:19:00,882;0,0;0;121
2016-07-28 11:19:00,908;0,0;0;121
2016-07-28 11:19:00,935;0,0;0;121
2016-07-28 11:19:00,976;0,0;0;122
2016-07-28 11:19:01,002;0,0;0;122
2016-07-28 11:19:01,029;0,0;0;122
2016-07-28 11:19:01,056;0,0;0;122
2016-07-28 11:19:01,096;0,0;0;120
2016-07-28 11:19:01,122;0,0;0;120
2016-07-28 11:19:01,148;0,0;0;120
2016-07-28 11:19:01,175;0,0;0;120
2016-07-28 11:19:01,216;0,0;0;122
2016-07-28 11:19:01,243;0,0;0;122
2016-07-28 11:19:01,269;0,0;0;122
2016-07-28 11:19:01,296;0,0;0;122
2016-07-28 11:19:01,336;0,0;0;122
2016-07-28 11:19:01,362;0,0;0;122
2016-07-28 11:19:01,389;0,0;0;122
2016-07-28 11:19:01,415;0,0;0;122
2016-07-28 11:19:01,456;0,0;0;121
2016-07-28 11:19:01,482;0,0;0;121
2016-07-28 11:19:01,509;0,0;0;121
2016-07-28 11:19:01,535;0,0;0;121
2016-07-28 11:19:01,576;0,0;0;121
2016-07-28 11:19:01,603;0,0;0;121
2016-07-28 11:19:01,629;0,0;0;121
2016-07-28 11:19:01,656;0,0;0;121
2016-07-28 11:19:01,696;0,0;0;120
2016-07-28 11:19:01,723;0,0;0;120
2016-07-28 11:19:01,750;0,0;0;120
2016-07-28 11:19:01,777;0,0;0;120
2016-07-28 11:19:01,816;0,0;0;121
2016-07-28 11:19:01,843;0,0;0;121
2016-07-28 11:19:01,870;0,0;0;121
2016-07-28 11:19:01,897;0,0;0;121
2016-07-28 11:19:01,942;0,0;0;120
2016-07-28 11:19:01,970;0,0;0;120
2016-07-28 11:19:01,997;0,0;0;120
2016-07-28 11:19:02,025;0,0;0;120
2016-07-28 11:19:02,056;0,0;0;121
2016-07-28 11:19:02,083;0,0;0;121
2016-07-28 11:19:02,110;0,0;0;121
2016-07-28 11:19:02,136;0,0;0;121
2016-07-28 11:19:02,176;0,0;0;121
2016-07-28 11:19:02,203;0,0;0;121
2016-07-28 11:19:02,236;0,0;0;121
2016-07-28 11:19:02,264;0,0;0;121
2016-07-28 11:19:02,296;0,0;0;121
2016-07-28 11:19:02,326;0,0;0;121
2016-07-28 11:19:02,353;0,0;0;121
2016-07-28 11:19:02,379;0,0;0;121
2016-07-28 11:19:02,416;0,0;0;121
2016-07-28 11:19:02,443;0,0;0;121
2016-07-28 11:19:02,470;0,0;0;121
2016-07-28 11:19:02,497;0,0;0;121
2016-07-28 11:19:02,536;0,0;0;121
2016-07-28 11:19:02,564;0,0;0;121
2016-07-28 11:19:02,591;0,0;0;121
2016-07-28 11:19:02,620;0,0;0;121
2016-07-28 11:19:02,656;0,0;0;122
2016-07-28 11:19:02,684;0,0;0;122
2016-07-28 11:19:02,711;0,0;0;122
2016-07-28 11:19:02,738;0,0;0;122
2016-07-28 11:19:02,776;0,0;0;121
2016-07-28 11:19:02,803;0,0;0;121
2016-07-28 11:19:02,831;0,0;0;121
2016-07-28 11:19:02,897;0,0;0;121
2016-07-28 11:19:02,925;0,0;0;121
2016-07-28 11:19:02,952;0,0;0;121
2016-07-28 11:19:02,979;0,0;0;121
2016-07-28 11:19:03,016;0,0;0;121
2016-07-28 11:19:03,042;0,0;0;121
2016-07-28 11:19:03,069;0,0;0;121
2016-07-28 11:19:03,096;0,0;0;121
2016-07-28 11:19:03,136;0,0;0;121
2016-07-28 11:19:03,162;0,0;0;121
2016-07-28 11:19:03,199;0,0;0;121
2016-07-28 11:19:03,226;0,0;0;121
2016-07-28 11:19:03,256;0,0;0;121
2016-07-28 11:19:03,283;0,0;0;121
2016-07-28 11:19:03,310;0,0;0;121
2016-07-28 11:19:03,337;0,0;0;121
2016-07-28 11:19:03,376;0,0;0;120
2016-07-28 11:19:03,403;0,0;0;120
2016-07-28 11:19:03,430;0,0;0;120
2016-07-28 11:19:03,457;0,0;0;120
2016-07-28 11:19:03,496;0,0;0;120
2016-07-28 11:19:03,523;0,0;0;120
2016-07-28 11:19:03,550;0,0;0;120
2016-07-28 11:19:03,577;0,0;0;120
2016-07-28 11:19:03,616;0,0;0;121
2016-07-28 11:19:03,643;0,0;0;121
2016-07-28 11:19:03,670;0,0;0;121
2016-07-28 11:19:03,696;0,0;0;121
2016-07-28 11:19:03,736;0,0;0;121
2016-07-28 11:19:03,762;0,0;0;121
2016-07-28 11:19:03,789;0,0;0;121
2016-07-28 11:19:03,816;0,0;0;121
2016-07-28 11:19:03,856;0,0;0;120
2016-07-28 11:19:03,884;0,0;0;120
2016-07-28 11:19:03,911;0,0;0;120
2016-07-28 11:19:03,937;0,0;0;120
2016-07-28 11:19:03,976;0,0;0;120
2016-07-28 11:19:04,002;0,0;0;120
2016-07-28 11:19:04,029;0,0;0;120
2016-07-28 11:19:04,056;0,0;0;120
2016-07-28 11:19:04,096;0,0;0;120
2016-07-28 11:19:04,123;0,0;0;120
2016-07-28 11:19:04,157;0,0;0;120
2016-07-28 11:19:04,184;0,0;0;120
2016-07-28 11:19:04,216;0,0;0;120
2016-07-28 11:19:04,243;0,0;0;120
2016-07-28 11:19:04,270;0,0;0;120
2016-07-28 11:19:04,297;0,0;0;120
2016-07-28 11:19:04,336;0,0;0;120
2016-07-28 11:19:04,362;0,0;0;120
2016-07-28 11:19:04,389;0,0;0;120
2016-07-28 11:19:04,416;0,0;0;120
2016-07-28 11:19:04,456;0,0;0;120
2016-07-28 11:19:04,482;0,0;0;120
2016-07-28 11:19:04,509;0,0;0;120
2016-07-28 11:19:04,536;0,0;0;120
2016-07-28 11:19:04,576;0,0;0;120
2016-07-28 11:19:04,603;0,0;0;120
2016-07-28 11:19:04,630;0,0;0;120
2016-07-28 11:19:04,656;0,0;0;120
2016-07-28 11:19:04,696;0,0;0;120
2016-07-28 11:19:04,722;0,0;0;120
2016-07-28 11:19:04,749;0,0;0;120
2016-07-28 11:19:04,776;0,0;0;120
2016-07-28 11:19:04,817;0,0;0;121
2016-07-28 11:19:04,844;0,0;0;121
2016-07-28 11:19:04,871;0,0;0;121
2016-07-28 11:19:04,898;0,0;0;121
2016-07-28 11:19:04,936;0,0;0;120
2016-07-28 11:19:04,962;0,0;0;120
2016-07-28 11:19:04,989;0,0;0;120
2016-07-28 11:19:05,023;0,0;0;120
2016-07-28 11:19:05,056;0,0;0;120
2016-07-28 11:19:05,083;0,0;0;120
2016-07-28 11:19:05,117;0,0;0;120
2016-07-28 11:19:05,144;0,0;0;120
2016-07-28 11:19:05,176;0,0;0;120
2016-07-28 11:19:05,203;0,0;0;120
2016-07-28 11:19:05,230;0,0;0;120
2016-07-28 11:19:05,257;0,0;0;120
2016-07-28 11:19:05,296;0,0;0;120
2016-07-28 11:19:05,322;0,0;0;120
2016-07-28 11:19:05,349;0,0;0;120
2016-07-28 11:19:05,376;0,0;0;120
2016-07-28 11:19:05,416;0,0;0;120
2016-07-28 11:19:05,464;0,0;0;120
2016-07-28 11:19:05,491;0,0;0;120
2016-07-28 11:19:05,536;0,0;0;121
2016-07-28 11:19:05,562;0,0;0;121
2016-07-28 11:19:05,588;0,0;0;121
2016-07-28 11:19:05,615;0,0;0;121
2016-07-28 11:19:05,655;0,0;0;121
2016-07-28 11:19:05,682;0,0;0;121
2016-07-28 11:19:05,708;0,0;0;121
2016-07-28 11:19:05,734;0,0;0;121
2016-07-28 11:19:05,776;0,0;0;120
2016-07-28 11:19:05,802;0,0;0;120
2016-07-28 11:19:05,829;0,0;0;120
2016-07-28 11:19:05,855;0,0;0;120
2016-07-28 11:19:05,895;0,0;0;121
2016-07-28 11:19:05,922;0,0;0;121
2016-07-28 11:19:05,948;0,0;0;121
2016-07-28 11:19:05,974;0,0;0;121
2016-07-28 11:19:06,015;0,0;0;121
2016-07-28 11:19:06,042;0,0;0;121
2016-07-28 11:19:06,076;0,0;0;121
2016-07-28 11:19:06,103;0,0;0;121
2016-07-28 11:19:06,136;0,0;0;121
2016-07-28 11:19:06,162;0,0;0;121
2016-07-28 11:19:06,188;0,0;0;121
2016-07-28 11:19:06,215;0,0;0;121
2016-07-28 11:19:06,255;0,0;0;120
2016-07-28 11:19:06,282;0,0;0;120
2016-07-28 11:19:06,308;0,0;0;120
2016-07-28 11:19:06,334;0,0;0;120
2016-07-28 11:19:06,376;0,0;0;121
2016-07-28 11:19:06,402;0,0;0;121
2016-07-28 11:19:06,428;0,0;0;121
2016-07-28 11:19:06,455;0,0;0;121
2016-07-28 11:19:06,496;0,0;0;120
2016-07-28 11:19:06,523;0,0;0;120
2016-07-28 11:19:06,549;0,0;0;120
2016-07-28 11:19:06,575;0,0;0;120
2016-07-28 11:19:06,616;0,0;0;120
2016-07-28 11:19:06,642;0,0;0;120
2016-07-28 11:19:06,668;0,0;0;120
2016-07-28 11:19:06,695;0,0;0;120
2016-07-28 11:19:06,736;0,0;0;120
2016-07-28 11:19:06,764;0,0;0;120
2016-07-28 11:19:06,791;0,0;0;120
2016-07-28 11:19:06,818;0,0;0;120
2016-07-28 11:19:06,856;0,0;0;120
2016-07-28 11:19:06,883;0,0;0;120
2016-07-28 11:19:06,910;0,0;0;120
2016-07-28 11:19:06,937;0,0;0;120
2016-07-28 11:19:06,976;0,0;0;120
2016-07-28 11:19:07,002;0,0;0;120
2016-07-28 11:19:07,036;0,0;0;120
2016-07-28 11:19:07,064;0,0;0;120
2016-07-28 11:19:07,096;0,0;0;120
2016-07-28 11:19:07,123;0,0;0;120
2016-07-28 11:19:07,150;0,0;0;120
2016-07-28 11:19:07,177;0,0;0;120
2016-07-28 11:19:07,216;0,0;0;119
2016-07-28 11:19:07,243;0,0;0;119
2016-07-28 11:19:07,270;0,0;0;119
2016-07-28 11:19:07,297;0,0;0;119
2016-07-28 11:19:07,336;0,0;0;120
2016-07-28 11:19:07,363;0,0;0;120
2016-07-28 11:19:07,390;0,0;0;120
2016-07-28 11:19:07,417;0,0;0;120
2016-07-28 11:19:07,456;0,0;0;120
2016-07-28 11:19:07,483;0,0;0;120
2016-07-28 11:19:07,510;0,0;0;120
2016-07-28 11:19:07,537;0,0;0;120
2016-07-28 11:19:07,576;0,0;0;120
2016-07-28 11:19:07,603;0,0;0;120
2016-07-28 11:19:07,630;0,0;0;120
2016-07-28 11:19:07,657;0,0;0;120
2016-07-28 11:19:07,722;0,0;0;119
2016-07-28 11:19:07,748;0,0;0;119
2016-07-28 11:19:07,775;0,0;0;119
2016-07-28 11:19:07,816;0,0;0;120
2016-07-28 11:19:07,842;0,0;0;120
2016-07-28 11:19:07,869;0,0;0;120
2016-07-28 11:19:07,896;0,0;0;120
2016-07-28 11:19:07,936;0,0;0;120
2016-07-28 11:19:07,962;0,0;0;120
2016-07-28 11:19:07,996;0,0;0;120
2016-07-28 11:19:08,024;0,0;0;120
2016-07-28 11:19:08,056;0,0;0;120
2016-07-28 11:19:08,083;0,0;0;120
2016-07-28 11:19:08,110;0,0;0;120
2016-07-28 11:19:08,137;0,0;0;120
2016-07-28 11:19:08,176;0,0;0;119
2016-07-28 11:19:08,202;0,0;0;119
2016-07-28 11:19:08,229;0,0;0;119
2016-07-28 11:19:08,256;0,0;0;119
2016-07-28 11:19:08,296;0,0;0;119
2016-07-28 11:19:08,322;0,0;0;119
2016-07-28 11:19:08,349;0,0;0;119
2016-07-28 11:19:08,376;0,0;0;119
2016-07-28 11:19:08,416;0,0;0;119
2016-07-28 11:19:08,443;0,0;0;119
2016-07-28 11:19:08,470;0,0;0;119
2016-07-28 11:19:08,496;0,0;0;119
2016-07-28 11:19:08,536;0,0;0;119
2016-07-28 11:19:08,562;0,0;0;119
2016-07-28 11:19:08,589;0,0;0;119
2016-07-28 11:19:08,616;0,0;0;119
2016-07-28 11:19:08,656;0,0;0;120
2016-07-28 11:19:08,684;0,0;0;120
2016-07-28 11:19:08,710;0,0;0;120
2016-07-28 11:19:08,737;0,0;0;120
2016-07-28 11:19:08,776;0,0;0;119
2016-07-28 11:19:08,802;0,0;0;119
2016-07-28 11:19:08,829;0,0;0;119
2016-07-28 11:19:08,856;0,0;0;119
2016-07-28 11:19:08,896;0,0;0;119
2016-07-28 11:19:08,923;0,0;0;119
2016-07-28 11:19:08,956;0,0;0;119
2016-07-28 11:19:08,984;0,0;0;119
2016-07-28 11:19:09,016;0,0;0;119
2016-07-28 11:19:09,043;0,0;0;119
2016-07-28 11:19:09,070;0,0;0;119
2016-07-28 11:19:09,096;0,0;0;119
2016-07-28 11:19:09,136;0,0;0;119
2016-07-28 11:19:09,162;0,0;0;119
2016-07-28 11:19:09,189;0,0;0;119
2016-07-28 11:19:09,216;0,0;0;119
2016-07-28 11:19:09,256;0,0;0;119
2016-07-28 11:19:09,282;0,0;0;119
2016-07-28 11:19:09,309;0,0;0;119
2016-07-28 11:19:09,336;0,0;0;119
2016-07-28 11:19:09,376;0,0;0;119
2016-07-28 11:19:09,403;0,0;0;119
2016-07-28 11:19:09,430;0,0;0;119
2016-07-28 11:19:09,457;0,0;0;119
2016-07-28 11:19:09,496;0,0;0;119
2016-07-28 11:19:09,522;0,0;0;119
2016-07-28 11:19:09,549;0,0;0;119
2016-07-28 11:19:09,576;0,0;0;119
2016-07-28 11:19:09,616;0,0;0;120
2016-07-28 11:19:09,643;0,0;0;120
2016-07-28 11:19:09,670;0,0;0;120
2016-07-28 11:19:09,697;0,0;0;120
2016-07-28 11:19:09,736;0,0;0;119
2016-07-28 11:19:09,763;0,0;0;119
2016-07-28 11:19:09,789;0,0;0;119
2016-07-28 11:19:09,816;0,0;0;119
2016-07-28 11:19:09,856;0,0;0;119
2016-07-28 11:19:09,882;0,0;0;119
2016-07-28 11:19:09,916;0,0;0;119
2016-07-28 11:19:09,943;0,0;0;119
2016-07-28 11:19:09,976;0,0;0;119
2016-07-28 11:19:10,003;0,0;0;119
2016-07-28 11:19:10,033;0,0;0;119
2016-07-28 11:19:10,060;0,0;0;119
2016-07-28 11:19:10,096;0,0;0;119
2016-07-28 11:19:10,122;0,0;0;119
2016-07-28 11:19:10,149;0,0;0;119
2016-07-28 11:19:10,176;0,0;0;119
2016-07-28 11:19:10,216;0,0;0;119
2016-07-28 11:19:10,243;0,0;0;119
2016-07-28 11:19:10,270;0,0;0;119
2016-07-28 11:19:10,297;0,0;0;119
2016-07-28 11:19:10,336;0,0;0;120
2016-07-28 11:19:10,363;0,0;0;120
2016-07-28 11:19:10,390;0,0;0;120
2016-07-28 11:19:10,416;0,0;0;120
2016-07-28 11:19:10,456;0,0;0;119
2016-07-28 11:19:10,482;0,0;0;119
2016-07-28 11:19:10,509;0,0;0;119
2016-07-28 11:19:10,536;0,0;0;119
2016-07-28 11:19:10,584;0,0;0;118
2016-07-28 11:19:10,611;0,0;0;118
2016-07-28 11:19:10,637;0,0;0;118
2016-07-28 11:19:10,664;0,0;0;118
2016-07-28 11:19:10,696;0,0;0;119
2016-07-28 11:19:10,722;0,0;0;119
2016-07-28 11:19:10,749;0,0;0;119
2016-07-28 11:19:10,776;0,0;0;119
2016-07-28 11:19:10,816;0,0;0;119
2016-07-28 11:19:10,842;0,0;0;119
2016-07-28 11:19:10,876;0,0;0;119
2016-07-28 11:19:10,904;0,0;0;119
2016-07-28 11:19:10,936;0,0;0;119
2016-07-28 11:19:10,963;0,0;0;119
2016-07-28 11:19:10,990;0,0;0;119
2016-07-28 11:19:11,016;0,0;0;119
2016-07-28 11:19:11,056;0,0;0;119
2016-07-28 11:19:11,082;0,0;0;119
2016-07-28 11:19:11,109;0,0;0;119
2016-07-28 11:19:11,136;0,0;0;119
2016-07-28 11:19:11,176;0,0;0;119
2016-07-28 11:19:11,202;0,0;0;119
2016-07-28 11:19:11,229;0,0;0;119
2016-07-28 11:19:11,256;0,0;0;119
2016-07-28 11:19:11,296;0,0;0;119
2016-07-28 11:19:11,323;0,0;0;119
2016-07-28 11:19:11,350;0,0;0;119
2016-07-28 11:19:11,377;0,0;0;119
2016-07-28 11:19:11,416;0,0;0;119
2016-07-28 11:19:11,442;0,0;0;119
2016-07-28 11:19:11,469;0,0;0;119
2016-07-28 11:19:11,496;0,0;0;119
2016-07-28 11:19:11,536;0,0;0;119
2016-07-28 11:19:11,563;0,0;0;119
2016-07-28 11:19:11,590;0,0;0;119
2016-07-28 11:19:11,617;0,0;0;119
2016-07-28 11:19:11,656;0,0;0;119
2016-07-28 11:19:11,682;0,0;0;119
2016-07-28 11:19:11,709;0,0;0;119
2016-07-28 11:19:11,736;0,0;0;119
2016-07-28 11:19:11,776;0,0;0;119
2016-07-28 11:19:11,803;0,0;0;119
2016-07-28 11:19:11,836;0,0;0;119
2016-07-28 11:19:11,863;0,0;0;119
2016-07-28 11:19:11,896;0,0;0;119
2016-07-28 11:19:11,923;0,0;0;119
2016-07-28 11:19:11,950;0,0;0;119
2016-07-28 11:19:11,977;0,0;0;119
2016-07-28 11:19:12,016;0,0;0;119
2016-07-28 11:19:12,042;0,0;0;119
2016-07-28 11:19:12,069;0,0;0;119
2016-07-28 11:19:12,096;0,0;0;119
2016-07-28 11:19:12,136;0,0;0;119
2016-07-28 11:19:12,181;0,0;0;119
2016-07-28 11:19:12,208;0,0;0;119
2016-07-28 11:19:12,235;0,0;0;119
2016-07-28 11:19:12,282;0,0;0;118
2016-07-28 11:19:12,309;0,0;0;118
2016-07-28 11:19:12,336;0,0;0;118
2016-07-28 11:19:12,376;0,0;0;119
2016-07-28 11:19:12,402;0,0;0;119
2016-07-28 11:19:12,429;0,0;0;119
2016-07-28 11:19:12,457;0,0;0;119
2016-07-28 11:19:12,502;0,0;0;118
2016-07-28 11:19:12,530;0,0;0;118
2016-07-28 11:19:12,557;0,0;0;118
2016-07-28 11:19:12,584;0,0;0;118
2016-07-28 11:19:12,616;0,0;0;119
2016-07-28 11:19:12,642;0,0;0;119
2016-07-28 11:19:12,669;0,0;0;119
2016-07-28 11:19:12,696;0,0;0;119
2016-07-28 11:19:12,736;0,0;0;119
2016-07-28 11:19:12,763;0,0;0;119
2016-07-28 11:19:12,796;0,0;0;119
2016-07-28 11:19:12,824;0,0;0;119
2016-07-28 11:19:12,856;0,0;0;119
2016-07-28 11:19:12,883;0,0;0;119
2016-07-28 11:19:12,910;0,0;0;119
2016-07-28 11:19:12,936;0,0;0;119
2016-07-28 11:19:12,976;0,0;0;119
2016-07-28 11:19:13,002;0,0;0;119
2016-07-28 11:19:13,029;0,0;0;119
2016-07-28 11:19:13,056;0,0;0;119
2016-07-28 11:19:13,096;0,0;0;120
2016-07-28 11:19:13,123;0,0;0;120
2016-07-28 11:19:13,150;0,0;0;120
2016-07-28 11:19:13,177;0,0;0;120
2016-07-28 11:19:13,216;0,0;0;118
2016-07-28 11:19:13,243;0,0;0;118
2016-07-28 11:19:13,270;0,0;0;118
2016-07-28 11:19:13,297;0,0;0;118
2016-07-28 11:19:13,336;0,0;0;118
2016-07-28 11:19:13,363;0,0;0;118
2016-07-28 11:19:13,389;0,0;0;118
2016-07-28 11:19:13,416;0,0;0;118
2016-07-28 11:19:13,456;0,0;0;117
2016-07-28 11:19:13,483;0,0;0;117
2016-07-28 11:19:13,510;0,0;0;117
2016-07-28 11:19:13,536;0,0;0;117
2016-07-28 11:19:13,576;0,0;0;118
2016-07-28 11:19:13,602;0,0;0;118
2016-07-28 11:19:13,629;0,0;0;118
2016-07-28 11:19:13,656;0,0;0;118
2016-07-28 11:19:13,696;0,0;0;119
2016-07-28 11:19:13,723;0,0;0;119
2016-07-28 11:19:13,756;0,0;0;119
2016-07-28 11:19:13,783;0,0;0;119
2016-07-28 11:19:13,816;0,0;0;118
2016-07-28 11:19:13,843;0,0;0;118
2016-07-28 11:19:13,870;0,0;0;118
2016-07-28 11:19:13,896;0,0;0;118
2016-07-28 11:19:13,936;0,0;0;118
2016-07-28 11:19:13,962;0,0;0;118
2016-07-28 11:19:13,989;0,0;0;118
2016-07-28 11:19:14,016;0,0;0;118
2016-07-28 11:19:14,056;0,0;0;119
2016-07-28 11:19:14,083;0,0;0;119
2016-07-28 11:19:14,110;0,0;0;119
2016-07-28 11:19:14,137;0,0;0;119
2016-07-28 11:19:14,176;0,0;0;119
2016-07-28 11:19:14,203;0,0;0;119
2016-07-28 11:19:14,231;0,0;0;119
2016-07-28 11:19:14,258;0,0;0;119
2016-07-28 11:19:14,296;0,0;0;118
2016-07-28 11:19:14,323;0,0;0;118
2016-07-28 11:19:14,349;0,0;0;118
2016-07-28 11:19:14,376;0,0;0;118
2016-07-28 11:19:14,417;0,0;0;117
2016-07-28 11:19:14,444;0,0;0;117
2016-07-28 11:19:14,470;0,0;0;117
2016-07-28 11:19:14,497;0,0;0;117
2016-07-28 11:19:14,536;0,0;0;118
2016-07-28 11:19:14,562;0,0;0;118
2016-07-28 11:19:14,589;0,0;0;118
2016-07-28 11:19:14,616;0,0;0;118
2016-07-28 11:19:14,656;0,0;0;118
2016-07-28 11:19:14,682;0,0;0;118
2016-07-28 11:19:14,717;0,0;0;118
2016-07-28 11:19:14,744;0,0;0;118
2016-07-28 11:19:14,776;0,0;0;118
2016-07-28 11:19:14,803;0,0;0;118
2016-07-28 11:19:14,830;0,0;0;118
2016-07-28 11:19:14,858;0,0;0;118
2016-07-28 11:19:14,896;0,0;0;117
2016-07-28 11:19:14,922;0,0;0;117
2016-07-28 11:19:14,949;0,0;0;117
2016-07-28 11:19:14,976;0,0;0;117
2016-07-28 11:19:15,016;0,0;0;119
2016-07-28 11:19:15,043;0,0;0;119
2016-07-28 11:19:15,069;0,0;0;119
2016-07-28 11:19:15,096;0,0;0;119
2016-07-28 11:19:15,137;0,0;0;118
2016-07-28 11:19:15,163;0,0;0;118
2016-07-28 11:19:15,190;0,0;0;118
2016-07-28 11:19:15,217;0,0;0;118
2016-07-28 11:19:15,256;0,0;0;118
2016-07-28 11:19:15,282;0,0;0;118
2016-07-28 11:19:15,309;0,0;0;118
2016-07-28 11:19:15,336;0,0;0;118
2016-07-28 11:19:15,378;0,0;0;117
2016-07-28 11:19:15,405;0,0;0;117
2016-07-28 11:19:15,432;0,0;0;117
2016-07-28 11:19:15,459;0,0;0;117
2016-07-28 11:19:15,496;0,0;0;117
2016-07-28 11:19:15,522;0,0;0;117
2016-07-28 11:19:15,549;0,0;0;117
2016-07-28 11:19:15,576;0,0;0;117
2016-07-28 11:19:15,616;0,0;0;118
2016-07-28 11:19:15,642;0,0;0;118
2016-07-28 11:19:15,676;0,0;0;118
2016-07-28 11:19:15,704;0,0;0;118
2016-07-28 11:19:15,736;0,0;0;118
2016-07-28 11:19:15,763;0,0;0;118
2016-07-28 11:19:15,790;0,0;0;118
2016-07-28 11:19:15,816;0,0;0;118
2016-07-28 11:19:15,856;0,0;0;118
2016-07-28 11:19:15,882;0,0;0;118
2016-07-28 11:19:15,909;0,0;0;118
2016-07-28 11:19:15,936;0,0;0;118
2016-07-28 11:19:15,976;0,0;0;118
2016-07-28 11:19:16,002;0,0;0;118
2016-07-28 11:19:16,029;0,0;0;118
2016-07-28 11:19:16,056;0,0;0;118
2016-07-28 11:19:16,096;0,0;0;118
2016-07-28 11:19:16,123;0,0;0;118
2016-07-28 11:19:16,150;0,0;0;118
2016-07-28 11:19:16,176;0,0;0;118
2016-07-28 11:19:16,216;0,0;0;118
2016-07-28 11:19:16,242;0,0;0;118
2016-07-28 11:19:16,269;0,0;0;118
2016-07-28 11:19:16,296;0,0;0;118
2016-07-28 11:19:16,336;0,0;0;117
2016-07-28 11:19:16,364;0,0;0;117
2016-07-28 11:19:16,390;0,0;0;117
2016-07-28 11:19:16,417;0,0;0;117
2016-07-28 11:19:16,456;0,0;0;118
2016-07-28 11:19:16,482;0,0;0;118
2016-07-28 11:19:16,509;0,0;0;118
2016-07-28 11:19:16,536;0,0;0;118
2016-07-28 11:19:16,576;0,0;0;118
2016-07-28 11:19:16,602;0,0;0;118
2016-07-28 11:19:16,636;0,0;0;118
2016-07-28 11:19:16,664;0,0;0;118
2016-07-28 11:19:16,696;0,0;0;118
2016-07-28 11:19:16,723;0,0;0;118
2016-07-28 11:19:16,750;0,0;0;118
2016-07-28 11:19:16,776;0,0;0;118
2016-07-28 11:19:16,816;0,0;0;118
2016-07-28 11:19:16,842;0,0;0;118
2016-07-28 11:19:16,870;0,0;0;118
2016-07-28 11:19:16,896;0,0;0;118
2016-07-28 11:19:16,936;0,0;0;117
2016-07-28 11:19:16,962;0,0;0;117
2016-07-28 11:19:16,989;0,0;0;117
2016-07-28 11:19:17,016;0,0;0;117
2016-07-28 11:19:17,056;0,0;0;118
2016-07-28 11:19:17,083;0,0;0;118
2016-07-28 11:19:17,110;0,0;0;118
2016-07-28 11:19:17,136;0,0;0;118
2016-07-28 11:19:17,176;0,0;0;118
2016-07-28 11:19:17,203;0,0;0;118
2016-07-28 11:19:17,230;0,0;0;118
2016-07-28 11:19:17,257;0,0;0;118
2016-07-28 11:19:17,297;0,0;0;117
2016-07-28 11:19:17,325;0,0;0;117
2016-07-28 11:19:17,352;0,0;0;117
2016-07-28 11:19:17,378;0,0;0;117
2016-07-28 11:19:17,416;0,0;0;118
2016-07-28 11:19:17,443;0,0;0;118
2016-07-28 11:19:17,469;0,0;0;118
2016-07-28 11:19:17,496;0,0;0;118
2016-07-28 11:19:17,536;0,0;0;118
2016-07-28 11:19:17,563;0,0;0;118
2016-07-28 11:19:17,597;0,0;0;118
2016-07-28 11:19:17,624;0,0;0;118
2016-07-28 11:19:17,656;0,0;0;119
2016-07-28 11:19:17,683;0,0;0;119
2016-07-28 11:19:17,710;0,0;0;119
2016-07-28 11:19:17,737;0,0;0;119
2016-07-28 11:19:17,776;0,0;0;118
2016-07-28 11:19:17,803;0,0;0;118
2016-07-28 11:19:17,830;0,0;0;118
2016-07-28 11:19:17,857;0,0;0;118
2016-07-28 11:19:17,896;0,0;0;117
2016-07-28 11:19:17,943;0,0;0;117
2016-07-28 11:19:17,970;0,0;0;117
2016-07-28 11:19:18,016;0,0;0;117
2016-07-28 11:19:18,044;0,0;0;117
2016-07-28 11:19:18,070;0,0;0;117
2016-07-28 11:19:18,097;0,0;0;117
2016-07-28 11:19:18,136;0,0;0;118
2016-07-28 11:19:18,162;0,0;0;118
2016-07-28 11:19:18,189;0,0;0;118
2016-07-28 11:19:18,216;0,0;0;118
2016-07-28 11:19:18,282;0,0;0;117
2016-07-28 11:19:18,309;0,0;0;117
2016-07-28 11:19:18,335;0,0;0;117
2016-07-28 11:19:18,376;0,0;0;117
2016-07-28 11:19:18,402;0,0;0;117
2016-07-28 11:19:18,429;0,0;0;117
2016-07-28 11:19:18,456;0,0;0;117
2016-07-28 11:19:18,496;0,0;0;117
2016-07-28 11:19:18,523;0,0;0;117
2016-07-28 11:19:18,556;0,0;0;117
2016-07-28 11:19:18,583;0,0;0;117
2016-07-28 11:19:18,616;0,0;0;117
2016-07-28 11:19:18,643;0,0;0;117
2016-07-28 11:19:18,669;0,0;0;117
2016-07-28 11:19:18,696;0,0;0;117
2016-07-28 11:19:18,736;0,0;0;117
2016-07-28 11:19:18,763;0,0;0;117
2016-07-28 11:19:18,790;0,0;0;117
2016-07-28 11:19:18,817;0,0;0;117
2016-07-28 11:19:18,856;0,0;0;117
2016-07-28 11:19:18,903;0,0;0;117
2016-07-28 11:19:18,930;0,0;0;117
2016-07-28 11:19:18,976;0,0;0;117
2016-07-28 11:19:19,006;0,0;0;117
2016-07-28 11:19:19,033;0,0;0;117
2016-07-28 11:19:19,062;0,0;0;117
2016-07-28 11:19:19,096;0,0;0;118
2016-07-28 11:19:19,123;0,0;0;118
2016-07-28 11:19:19,149;0,0;0;118
2016-07-28 11:19:19,176;0,0;0;118
2016-07-28 11:19:19,216;0,0;0;118
2016-07-28 11:19:19,244;0,0;0;118
2016-07-28 11:19:19,270;0,0;0;118
2016-07-28 11:19:19,297;0,0;0;118
2016-07-28 11:19:19,336;0,0;0;117
2016-07-28 11:19:19,362;0,0;0;117
2016-07-28 11:19:19,389;0,0;0;117
2016-07-28 11:19:19,416;0,0;0;117
2016-07-28 11:19:19,456;0,0;0;117
2016-07-28 11:19:19,482;0,0;0;117
2016-07-28 11:19:19,516;0,0;0;117
2016-07-28 11:19:19,543;0,0;0;117
2016-07-28 11:19:19,577;0,0;0;118
2016-07-28 11:19:19,604;0,0;0;118
2016-07-28 11:19:19,631;0,0;0;118
2016-07-28 11:19:19,659;0,0;0;118
2016-07-28 11:19:19,696;0,0;0;118
2016-07-28 11:19:19,723;0,0;0;118
2016-07-28 11:19:19,751;0,0;0;118
2016-07-28 11:19:19,777;0,0;0;118
2016-07-28 11:19:19,816;0,0;0;117
2016-07-28 11:19:19,843;0,0;0;117
2016-07-28 11:19:19,870;0,0;0;117
2016-07-28 11:19:19,897;0,0;0;117
2016-07-28 11:19:19,936;0,0;0;117
2016-07-28 11:19:19,963;0,0;0;117
2016-07-28 11:19:19,990;0,0;0;117
2016-07-28 11:19:20,017;0,0;0;117
2016-07-28 11:19:20,056;0,0;0;117
2016-07-28 11:19:20,083;0,0;0;117
2016-07-28 11:19:20,110;0,0;0;117
2016-07-28 11:19:20,136;0,0;0;117
2016-07-28 11:19:20,176;0,0;0;116
2016-07-28 11:19:20,203;0,0;0;116
2016-07-28 11:19:20,230;0,0;0;116
2016-07-28 11:19:20,258;0,0;0;116
2016-07-28 11:19:20,296;0,0;0;119
2016-07-28 11:19:20,322;0,0;0;119
2016-07-28 11:19:20,348;0,0;0;119
2016-07-28 11:19:20,375;0,0;0;119
2016-07-28 11:19:20,416;0,0;0;118
2016-07-28 11:19:20,442;0,0;0;118
2016-07-28 11:19:20,476;0,0;0;118
2016-07-28 11:19:20,503;0,0;0;118
2016-07-28 11:19:20,536;0,0;0;117
2016-07-28 11:19:20,562;0,0;0;117
2016-07-28 11:19:20,589;0,0;0;117
2016-07-28 11:19:20,615;0,0;0;117
2016-07-28 11:19:20,656;0,0;0;117
2016-07-28 11:19:20,682;0,0;0;117
2016-07-28 11:19:20,708;0,0;0;117
2016-07-28 11:19:20,734;0,0;0;117
2016-07-28 11:19:20,775;0,0;0;117
2016-07-28 11:19:20,802;0,0;0;117
2016-07-28 11:19:20,828;0,0;0;117
2016-07-28 11:19:20,855;0,0;0;117
2016-07-28 11:19:20,896;0,0;0;120
2016-07-28 11:19:20,923;0,0;0;120
2016-07-28 11:19:20,949;0,0;0;120
2016-07-28 11:19:20,976;0,0;0;120
2016-07-28 11:19:21,016;0,0;0;117
2016-07-28 11:19:21,042;0,0;0;117
2016-07-28 11:19:21,068;0,0;0;117
2016-07-28 11:19:21,095;0,0;0;117
2016-07-28 11:19:21,136;0,0;0;117
2016-07-28 11:19:21,163;0,0;0;117
2016-07-28 11:19:21,189;0,0;0;117
2016-07-28 11:19:21,215;0,0;0;117
2016-07-28 11:19:21,256;0,0;0;117
2016-07-28 11:19:21,282;0,0;0;117
2016-07-28 11:19:21,309;0,0;0;117
2016-07-28 11:19:21,335;0,0;0;117
2016-07-28 11:19:21,376;0,0;0;116
2016-07-28 11:19:21,402;0,0;0;116
2016-07-28 11:19:21,436;0,0;0;116
2016-07-28 11:19:21,463;0,0;0;116
2016-07-28 11:19:21,496;0,0;0;117
2016-07-28 11:19:21,522;0,0;0;117
2016-07-28 11:19:21,549;0,0;0;117
2016-07-28 11:19:21,575;0,0;0;117
2016-07-28 11:19:21,615;0,0;0;117
2016-07-28 11:19:21,642;0,0;0;117
2016-07-28 11:19:21,668;0,0;0;117
2016-07-28 11:19:21,695;0,0;0;117
2016-07-28 11:19:21,736;0,0;0;117
2016-07-28 11:19:21,782;0,0;0;117
2016-07-28 11:19:21,809;0,0;0;117
2016-07-28 11:19:21,836;0,0;0;117
2016-07-28 11:19:21,881;0,0;0;116
2016-07-28 11:19:21,908;0,0;0;116
2016-07-28 11:19:21,934;0,0;0;116
2016-07-28 11:19:21,976;0,0;0;117
2016-07-28 11:19:22,002;0,0;0;117
2016-07-28 11:19:22,029;0,0;0;117
2016-07-28 11:19:22,056;0,0;0;117
2016-07-28 11:19:22,101;0,0;0;116
2016-07-28 11:19:22,129;0,0;0;116
2016-07-28 11:19:22,155;0,0;0;116
2016-07-28 11:19:22,182;0,0;0;116
2016-07-28 11:19:22,216;0,0;0;116
2016-07-28 11:19:22,242;0,0;0;116
2016-07-28 11:19:22,269;0,0;0;116
2016-07-28 11:19:22,295;0,0;0;116
2016-07-28 11:19:22,336;0,0;0;116
2016-07-28 11:19:22,362;0,0;0;116
2016-07-28 11:19:22,396;0,0;0;116
2016-07-28 11:19:22,423;0,0;0;116
2016-07-28 11:19:22,456;0,0;0;116
2016-07-28 11:19:22,483;0,0;0;116
2016-07-28 11:19:22,509;0,0;0;116
2016-07-28 11:19:22,536;0,0;0;116
2016-07-28 11:19:22,576;0,0;0;116
2016-07-28 11:19:22,602;0,0;0;116
2016-07-28 11:19:22,629;0,0;0;116
2016-07-28 11:19:22,656;0,0;0;116
2016-07-28 11:19:22,696;0,0;0;115
2016-07-28 11:19:22,722;0,0;0;115
2016-07-28 11:19:22,749;0,0;0;115
2016-07-28 11:19:22,776;0,0;0;115
2016-07-28 11:19:22,816;0,0;0;116
2016-07-28 11:19:22,843;0,0;0;116
2016-07-28 11:19:22,869;0,0;0;116
2016-07-28 11:19:22,896;0,0;0;116
2016-07-28 11:19:22,936;0,0;0;117
2016-07-28 11:19:22,962;0,0;0;117
2016-07-28 11:19:22,989;0,0;0;117
2016-07-28 11:19:23,016;0,0;0;117
2016-07-28 11:19:23,056;0,0;0;116
2016-07-28 11:19:23,084;0,0;0;116
2016-07-28 11:19:23,110;0,0;0;116
2016-07-28 11:19:23,137;0,0;0;116
2016-07-28 11:19:23,176;0,0;0;116
2016-07-28 11:19:23,203;0,0;0;116
2016-07-28 11:19:23,230;0,0;0;116
2016-07-28 11:19:23,257;0,0;0;116
2016-07-28 11:19:23,296;0,0;0;116
2016-07-28 11:19:23,323;0,0;0;116
2016-07-28 11:19:23,356;0,0;0;116
2016-07-28 11:19:23,383;0,0;0;116
2016-07-28 11:19:23,416;0,0;0;116
2016-07-28 11:19:23,443;0,0;0;116
2016-07-28 11:19:23,470;0,0;0;116
2016-07-28 11:19:23,497;0,0;0;116
2016-07-28 11:19:23,536;0,0;0;116
2016-07-28 11:19:23,562;0,0;0;116
2016-07-28 11:19:23,589;0,0;0;116
2016-07-28 11:19:23,616;0,0;0;116
2016-07-28 11:19:23,656;0,0;0;116
2016-07-28 11:19:23,702;0,0;0;116
2016-07-28 11:19:23,729;0,0;0;116
2016-07-28 11:19:23,758;0,0;0;116
2016-07-28 11:19:23,802;0,0;0;116
2016-07-28 11:19:23,829;0,0;0;116
2016-07-28 11:19:23,856;0,0;0;116
2016-07-28 11:19:23,896;0,0;0;116
2016-07-28 11:19:23,922;0,0;0;116
2016-07-28 11:19:23,949;0,0;0;116
2016-07-28 11:19:23,976;0,0;0;116
2016-07-28 11:19:24,016;0,0;0;115
2016-07-28 11:19:24,044;0,0;0;115
2016-07-28 11:19:24,070;0,0;0;115
2016-07-28 11:19:24,097;0,0;0;115
2016-07-28 11:19:24,136;0,0;0;116
2016-07-28 11:19:24,162;0,0;0;116
2016-07-28 11:19:24,189;0,0;0;116
2016-07-28 11:19:24,216;0,0;0;116
2016-07-28 11:19:24,256;0,0;0;116
2016-07-28 11:19:24,282;0,0;0;116
2016-07-28 11:19:24,316;0,0;0;116
2016-07-28 11:19:24,346;0,0;0;116
2016-07-28 11:19:24,376;0,0;0;116
2016-07-28 11:19:24,403;0,0;0;116
2016-07-28 11:19:24,430;0,0;0;116
2016-07-28 11:19:24,457;0,0;0;116
2016-07-28 11:19:24,496;0,0;0;116
2016-07-28 11:19:24,522;0,0;0;116
2016-07-28 11:19:24,549;0,0;0;116
2016-07-28 11:19:24,576;0,0;0;116
2016-07-28 11:19:24,616;0,0;0;116
2016-07-28 11:19:24,642;0,0;0;116
2016-07-28 11:19:24,669;0,0;0;116
2016-07-28 11:19:24,696;0,0;0;116
2016-07-28 11:19:24,736;0,0;0;116
2016-07-28 11:19:24,763;0,0;0;116
2016-07-28 11:19:24,790;0,0;0;116
2016-07-28 11:19:24,816;0,0;0;116
2016-07-28 11:19:24,856;0,0;0;116
2016-07-28 11:19:24,882;0,0;0;116
2016-07-28 11:19:24,909;0,0;0;116
2016-07-28 11:19:24,936;0,0;0;116
2016-07-28 11:19:24,976;0,0;0;115
2016-07-28 11:19:25,003;0,0;0;115
2016-07-28 11:19:25,031;0,0;0;115
2016-07-28 11:19:25,063;0,0;0;115
2016-07-28 11:19:25,096;0,0;0;115
2016-07-28 11:19:25,123;0,0;0;115
2016-07-28 11:19:25,150;0,0;0;115
2016-07-28 11:19:25,177;0,0;0;115
2016-07-28 11:19:25,216;0,0;0;117
2016-07-28 11:19:25,243;0,0;0;117
2016-07-28 11:19:25,276;0,0;0;117
2016-07-28 11:19:25,304;0,0;0;117
2016-07-28 11:19:25,336;0,0;0;116
2016-07-28 11:19:25,363;0,0;0;116
2016-07-28 11:19:25,390;0,0;0;116
2016-07-28 11:19:25,417;0,0;0;116
2016-07-28 11:19:25,456;0,0;0;117
2016-07-28 11:19:25,483;0,0;0;117
2016-07-28 11:19:25,509;0,0;0;117
2016-07-28 11:19:25,536;0,0;0;117
2016-07-28 11:19:25,576;0,0;0;116
2016-07-28 11:19:25,603;0,0;0;116
2016-07-28 11:19:25,630;0,0;0;116
2016-07-28 11:19:25,656;0,0;0;116
2016-07-28 11:19:25,696;0,0;0;117
2016-07-28 11:19:25,723;0,0;0;117
2016-07-28 11:19:25,750;0,0;0;117
2016-07-28 11:19:25,777;0,0;0;117
2016-07-28 11:19:25,816;0,0;0;116
2016-07-28 11:19:25,843;0,0;0;116
2016-07-28 11:19:25,870;0,0;0;116
2016-07-28 11:19:25,897;0,0;0;116
2016-07-28 11:19:25,936;0,0;0;115
2016-07-28 11:19:25,963;0,0;0;115
2016-07-28 11:19:25,990;0,0;0;115
2016-07-28 11:19:26,017;0,0;0;115
2016-07-28 11:19:26,056;0,0;0;115
2016-07-28 11:19:26,083;0,0;0;115
2016-07-28 11:19:26,110;0,0;0;115
2016-07-28 11:19:26,137;0,0;0;115
2016-07-28 11:19:26,176;0,0;0;116
2016-07-28 11:19:26,203;0,0;0;116
2016-07-28 11:19:26,237;0,0;0;116
2016-07-28 11:19:26,264;0,0;0;116
2016-07-28 11:19:26,296;0,0;0;115
2016-07-28 11:19:26,323;0,0;0;115
2016-07-28 11:19:26,350;0,0;0;115
2016-07-28 11:19:26,376;0,0;0;115
2016-07-28 11:19:26,416;0,0;0;115
2016-07-28 11:19:26,442;0,0;0;115
